captura_utc_real;fecha;temp;lluvia;radmax;presmb
2026-04-14 03:52:36;13/04/2026 09:00 p.m.;29,07;0,00;0,00;1.000,46
2026-04-14 03:52:36;13/04/2026 08:00 p.m.;29,59;0,00;0,00;1.000,22
2026-04-14 04:51:03;13/04/2026 10:00 p.m.;28,65;0,00;0,00;1.000,84
2026-04-14 04:51:03;13/04/2026 07:00 p.m.;30,58;0,00;0,00;999,36
2026-04-14 04:51:03;13/04/2026 06:00 p.m.;31,92;0,00;0,16;998,60
2026-04-14 04:51:03;13/04/2026 05:00 p.m.;33,36;0,00;0,40;998,16
2026-04-14 04:51:03;13/04/2026 04:00 p.m.;34,51;0,00;0,62;998,21
2026-04-14 04:51:03;13/04/2026 03:00 p.m.;35,31;0,00;0,94;998,51
2026-04-14 04:51:03;13/04/2026 02:00 p.m.;35,41;0,00;1,03;999,23
2026-04-14 04:51:03;13/04/2026 01:00 p.m.;35,00;0,00;1,00;1.000,05
2026-04-14 04:51:03;13/04/2026 12:00 p.m.;34,70;0,00;1,12;1.000,98
2026-04-14 04:51:03;13/04/2026 11:00 a.m.;33,85;0,00;1,05;1.001,52
2026-04-14 04:51:03;13/04/2026 10:00 a.m.;32,79;0,00;0,95;1.001,88
2026-04-14 04:51:03;13/04/2026 09:00 a.m.;31,69;0,00;0,78;1.001,82
2026-04-14 04:51:03;13/04/2026 08:00 a.m.;30,87;0,00;0,43;1.001,49
2026-04-14 04:51:03;13/04/2026 07:00 a.m.;29,25;0,00;0,32;1.000,76
2026-04-14 04:51:03;13/04/2026 06:00 a.m.;28,51;0,00;0,03;999,89
2026-04-14 04:51:03;13/04/2026 05:00 a.m.;28,49;0,00;0,00;999,42
2026-04-14 04:51:03;13/04/2026 04:00 a.m.;28,28;0,00;0,00;999,10
2026-04-14 04:51:03;13/04/2026 03:00 a.m.;28,06;0,00;0,00;999,21
2026-04-14 04:51:03;13/04/2026 02:00 a.m.;28,59;0,00;0,00;999,73
2026-04-14 04:51:03;13/04/2026 01:00 a.m.;28,71;0,00;0,00;1.000,26
2026-04-14 04:51:03;13/04/2026 12:00 a.m.;28,64;0,00;0,00;1.000,94
2026-04-14 04:51:03;12/04/2026 11:00 p.m.;28,70;0,00;0,00;1.001,40
2026-04-14 04:51:03;12/04/2026 10:00 p.m.;28,91;0,00;0,00;1.001,65
2026-04-14 06:24:51;14/04/2026 12:00 a.m.;28,34;0,00;0,00;1.000,55
2026-04-14 06:24:51;13/04/2026 11:00 p.m.;28,25;0,00;0,00;1.001,11
2026-04-14 08:11:01;14/04/2026 02:00 a.m.;27,23;0,00;0,00;999,65
2026-04-14 08:11:01;14/04/2026 01:00 a.m.;27,96;0,00;0,00;1.000,36
2026-04-14 09:50:39;14/04/2026 03:00 a.m.;25,36;0,00;0,00;999,35
2026-04-14 10:54:53;14/04/2026 04:00 a.m.;25,36;0,00;0,00;999,27
2026-04-14 11:56:51;14/04/2026 05:00 a.m.;24,15;0,00;0,00;999,65
2026-04-14 13:56:59;14/04/2026 07:00 a.m.;25,86;0,00;0,19;1.000,51
2026-04-14 13:56:59;14/04/2026 06:00 a.m.;25,40;0,00;0,04;1.000,07
2026-04-14 15:18:04;14/04/2026 09:00 a.m.;31,06;0,00;0,75;1.000,94
2026-04-14 15:18:04;14/04/2026 08:00 a.m.;27,71;0,00;0,52;1.000,85
2026-04-14 16:38:07;14/04/2026 10:00 a.m.;32,84;0,00;0,83;1.000,82
2026-04-14 17:48:05;14/04/2026 11:00 a.m.;33,76;0,00;1,06;1.000,41
2026-04-14 18:53:03;14/04/2026 12:00 p.m.;34,30;0,00;1,07;999,38
2026-04-14 20:01:57;14/04/2026 01:00 p.m.;34,41;0,00;1,04;998,08
2026-04-14 21:04:44;14/04/2026 02:00 p.m.;34,14;0,00;0,72;997,17
2026-04-14 22:02:08;14/04/2026 03:00 p.m.;33,78;0,00;0,72;996,92
2026-04-14 22:59:15;14/04/2026 04:00 p.m.;33,42;0,00;0,62;996,83
2026-04-14 23:53:53;14/04/2026 05:00 p.m.;33,20;0,00;0,56;997,00
2026-04-15 02:09:04;14/04/2026 08:00 p.m.;28,95;0,00;0,00;999,06
2026-04-15 02:09:04;14/04/2026 07:00 p.m.;29,61;0,00;0,00;998,51
2026-04-15 02:09:04;14/04/2026 06:00 p.m.;31,20;0,00;0,16;997,66
2026-04-15 05:07:04;14/04/2026 11:00 p.m.;28,30;0,00;0,00;1.000,53
2026-04-15 05:07:04;14/04/2026 10:00 p.m.;28,35;0,00;0,00;1.000,27
2026-04-15 05:07:04;14/04/2026 09:00 p.m.;28,55;0,00;0,00;999,72
2026-04-15 07:01:41;15/04/2026 12:00 a.m.;28,31;0,00;0,00;1.000,46
2026-04-15 08:51:53;15/04/2026 02:00 a.m.;27,66;0,00;0,00;998,98
2026-04-15 08:51:53;15/04/2026 01:00 a.m.;28,21;0,00;0,00;999,85
2026-04-15 10:09:14;15/04/2026 04:00 a.m.;27,26;0,00;0,00;998,20
2026-04-15 10:09:14;15/04/2026 03:00 a.m.;27,13;0,00;0,00;998,48
2026-04-15 11:16:45;15/04/2026 05:00 a.m.;26,71;0,00;0,00;998,87
2026-04-15 12:08:47;15/04/2026 06:00 a.m.;25,26;0,00;0,06;999,60
2026-04-15 14:05:07;15/04/2026 08:00 a.m.;29,03;0,00;0,56;1.001,03
2026-04-15 14:05:07;15/04/2026 07:00 a.m.;27,06;0,00;0,30;1.000,14
2026-04-15 16:34:33;15/04/2026 10:00 a.m.;33,25;0,00;0,93;1.000,81
2026-04-15 16:34:33;15/04/2026 09:00 a.m.;31,96;0,00;0,77;1.000,96
2026-04-15 17:43:58;15/04/2026 11:00 a.m.;34,01;0,00;1,04;1.000,35
2026-04-15 18:52:01;15/04/2026 12:00 p.m.;34,93;0,00;1,06;999,57
2026-04-15 19:58:27;15/04/2026 01:00 p.m.;35,37;0,00;1,06;998,82
2026-04-15 21:01:43;15/04/2026 02:00 p.m.;35,88;0,00;0,98;998,04
2026-04-15 22:00:47;15/04/2026 03:00 p.m.;35,56;0,00;0,85;997,66
2026-04-15 22:54:21;15/04/2026 04:00 p.m.;34,69;0,00;0,65;997,45
2026-04-16 01:12:32;15/04/2026 07:00 p.m.;30,35;0,00;0,00;998,78
2026-04-16 01:12:32;15/04/2026 06:00 p.m.;31,81;0,00;0,15;997,97
2026-04-16 01:12:32;15/04/2026 05:00 p.m.;33,74;0,00;0,40;997,46
2026-04-16 04:25:43;15/04/2026 09:00 p.m.;28,82;0,00;0,00;1.000,14
2026-04-16 04:25:43;15/04/2026 08:00 p.m.;29,54;0,00;0,00;999,55
2026-04-16 06:19:28;16/04/2026 12:00 a.m.;27,32;0,00;0,00;1.001,10
2026-04-16 06:19:28;15/04/2026 11:00 p.m.;27,70;0,00;0,00;1.001,31
2026-04-16 06:19:28;15/04/2026 10:00 p.m.;28,18;0,00;0,00;1.000,92
2026-04-16 08:09:32;16/04/2026 02:00 a.m.;26,95;0,00;0,00;1.000,25
2026-04-16 08:09:32;16/04/2026 01:00 a.m.;26,36;0,00;0,00;1.000,72
2026-04-16 09:48:32;16/04/2026 03:00 a.m.;24,86;0,00;0,00;1.000,03
2026-04-16 10:52:24;16/04/2026 04:00 a.m.;23,44;0,00;0,00;999,96
2026-04-16 11:54:40;16/04/2026 05:00 a.m.;22,46;0,00;0,00;1.000,29
2026-04-16 13:28:01;16/04/2026 07:00 a.m.;23,12;0,00;0,32;1.001,26
2026-04-16 13:28:01;16/04/2026 06:00 a.m.;21,74;0,00;0,06;1.000,68
2026-04-16 15:13:31;16/04/2026 09:00 a.m.;31,04;0,00;0,82;1.002,13
2026-04-16 15:13:31;16/04/2026 08:00 a.m.;28,04;0,00;0,58;1.002,02
2026-04-16 16:50:51;16/04/2026 10:00 a.m.;32,41;0,00;0,96;1.002,12
2026-04-16 18:02:11;16/04/2026 11:00 a.m.;33,88;0,00;0,99;1.001,67
2026-04-16 19:36:22;16/04/2026 01:00 p.m.;35,28;0,00;1,08;999,85
2026-04-16 19:36:22;16/04/2026 12:00 p.m.;34,57;0,00;1,03;1.000,92
2026-04-16 20:27:29;16/04/2026 02:00 p.m.;35,37;0,00;0,90;998,74
2026-04-16 21:12:09;16/04/2026 03:00 p.m.;35,02;0,00;0,76;997,89
2026-04-16 22:56:13;16/04/2026 04:00 p.m.;34,19;0,00;0,65;997,38
2026-04-16 23:43:13;16/04/2026 05:00 p.m.;32,55;0,00;0,36;997,39
2026-04-17 01:10:51;16/04/2026 07:00 p.m.;29,92;0,00;0,00;998,72
2026-04-17 01:10:51;16/04/2026 06:00 p.m.;31,08;0,00;0,16;997,94
2026-04-17 04:22:57;16/04/2026 09:00 p.m.;28,99;0,00;0,00;1.000,04
2026-04-17 04:22:57;16/04/2026 08:00 p.m.;29,31;0,00;0,00;999,44
2026-04-17 06:18:37;16/04/2026 11:00 p.m.;27,89;0,00;0,00;1.000,95
2026-04-17 06:18:37;16/04/2026 10:00 p.m.;28,44;0,00;0,00;1.000,68
2026-04-17 08:08:53;17/04/2026 01:00 a.m.;25,49;0,00;0,00;1.000,40
2026-04-17 08:08:53;17/04/2026 12:00 a.m.;27,56;0,00;0,00;1.000,67
2026-04-17 09:47:09;17/04/2026 03:00 a.m.;23,31;0,00;0,00;999,87
2026-04-17 09:47:09;17/04/2026 02:00 a.m.;24,32;0,00;0,00;1.000,08
2026-04-17 10:44:10;17/04/2026 04:00 a.m.;23,15;0,00;0,00;999,82
2026-04-17 11:38:53;17/04/2026 05:00 a.m.;21,77;0,00;0,00;999,99
2026-04-17 12:43:40;17/04/2026 06:00 a.m.;21,43;0,00;0,06;1.000,48
2026-04-17 14:10:02;17/04/2026 08:00 a.m.;26,62;0,00;0,57;1.002,10
2026-04-17 14:10:02;17/04/2026 07:00 a.m.;23,42;0,00;0,31;1.001,28
2026-04-17 15:16:06;17/04/2026 09:00 a.m.;30,54;0,00;0,79;1.002,36
2026-04-17 16:15:55;17/04/2026 10:00 a.m.;33,09;0,00;0,95;1.002,12
2026-04-17 18:08:15;17/04/2026 11:00 a.m.;34,14;0,00;1,11;1.001,69
2026-04-17 19:21:22;17/04/2026 01:00 p.m.;35,23;0,00;1,20;999,71
2026-04-17 19:21:22;17/04/2026 12:00 p.m.;35,08;0,00;1,18;1.000,92
2026-04-17 21:02:42;17/04/2026 02:00 p.m.;35,71;0,00;1,14;998,61
2026-04-17 21:56:57;17/04/2026 03:00 p.m.;35,53;0,00;0,85;997,65
2026-04-17 23:27:39;17/04/2026 05:00 p.m.;33,71;0,00;0,44;997,31
2026-04-17 23:27:39;17/04/2026 04:00 p.m.;34,08;0,00;0,70;997,21
2026-04-18 03:28:21;17/04/2026 09:00 p.m.;28,18;0,00;0,00;1.000,26
2026-04-18 03:28:21;17/04/2026 08:00 p.m.;29,52;0,00;0,00;999,23
2026-04-18 03:28:21;17/04/2026 07:00 p.m.;31,13;0,00;0,00;998,83
2026-04-18 03:28:21;17/04/2026 06:00 p.m.;33,05;0,00;0,16;997,82
2026-04-18 05:24:37;17/04/2026 11:00 p.m.;27,29;0,00;0,00;1.001,43
2026-04-18 05:24:37;17/04/2026 10:00 p.m.;27,51;0,00;0,00;1.001,31
2026-04-18 06:45:40;18/04/2026 12:00 a.m.;26,51;0,00;0,00;1.001,07
2026-04-18 07:48:43;18/04/2026 01:00 a.m.;25,15;0,00;0,00;1.000,70
2026-04-18 09:30:44;18/04/2026 03:00 a.m.;23,43;0,00;0,00;999,83
2026-04-18 09:30:44;18/04/2026 02:00 a.m.;24,56;0,00;0,00;1.000,14
2026-04-18 11:06:28;18/04/2026 05:00 a.m.;22,80;0,00;0,00;999,76
2026-04-18 11:06:28;18/04/2026 04:00 a.m.;22,40;0,00;0,00;999,72
2026-04-18 12:29:38;18/04/2026 06:00 a.m.;20,79;0,00;0,06;1.000,32
2026-04-18 13:44:01;18/04/2026 07:00 a.m.;23,80;0,00;0,32;1.001,17
2026-04-18 15:09:28;18/04/2026 09:00 a.m.;30,54;0,00;0,78;1.001,97
2026-04-18 15:09:28;18/04/2026 08:00 a.m.;26,89;0,00;0,58;1.001,85
2026-04-18 16:37:11;18/04/2026 10:00 a.m.;33,29;0,00;0,96;1.001,76
2026-04-18 17:56:49;18/04/2026 11:00 a.m.;34,96;0,00;1,05;1.001,37
2026-04-18 18:59:02;18/04/2026 12:00 p.m.;36,00;0,00;1,14;1.000,66
2026-04-18 19:45:51;18/04/2026 01:00 p.m.;35,40;0,00;1,18;999,79
2026-04-18 20:58:35;18/04/2026 02:00 p.m.;35,24;0,00;1,11;998,73
2026-04-18 22:18:22;18/04/2026 04:00 p.m.;34,63;0,00;0,62;997,67
2026-04-18 22:18:22;18/04/2026 03:00 p.m.;34,59;0,00;0,93;998,16
2026-04-18 23:45:52;18/04/2026 05:00 p.m.;32,85;0,00;0,39;997,65
2026-04-19 01:11:53;18/04/2026 07:00 p.m.;29,75;0,00;0,00;999,10
2026-04-19 01:11:53;18/04/2026 06:00 p.m.;31,24;0,00;0,15;998,27
2026-04-19 04:23:52;18/04/2026 09:00 p.m.;28,11;0,00;0,00;1.001,43
2026-04-19 04:23:52;18/04/2026 08:00 p.m.;28,96;0,00;0,00;1.000,33
2026-04-19 06:13:18;18/04/2026 11:00 p.m.;26,90;0,00;0,00;1.002,90
2026-04-19 06:13:18;18/04/2026 10:00 p.m.;27,53;0,00;0,00;1.002,58
2026-04-19 07:48:02;19/04/2026 01:00 a.m.;25,15;0,00;0,00;1.002,32
2026-04-19 07:48:02;19/04/2026 12:00 a.m.;26,26;0,00;0,00;1.002,71
2026-04-19 08:38:58;19/04/2026 02:00 a.m.;24,41;0,00;0,00;1.002,07
2026-04-19 10:21:37;19/04/2026 04:00 a.m.;23,39;0,00;0,00;1.001,34
2026-04-19 10:21:37;19/04/2026 03:00 a.m.;23,80;0,00;0,00;1.001,67
2026-04-19 11:04:00;19/04/2026 05:00 a.m.;22,80;0,00;0,00;1.001,53
2026-04-19 12:28:34;19/04/2026 06:00 a.m.;22,99;0,00;0,05;1.001,97
2026-04-19 13:42:02;19/04/2026 07:00 a.m.;24,49;0,00;0,30;1.002,44
2026-04-19 14:27:30;19/04/2026 08:00 a.m.;28,24;0,00;0,56;1.002,73
2026-04-19 15:53:40;19/04/2026 09:00 a.m.;30,73;0,00;0,80;1.002,87
2026-04-19 17:19:23;19/04/2026 11:00 a.m.;34,29;0,00;1,10;1.002,18
2026-04-19 17:19:23;19/04/2026 10:00 a.m.;32,48;0,00;0,95;1.002,65
2026-04-19 18:59:54;19/04/2026 12:00 p.m.;35,38;0,00;1,18;1.001,40
2026-04-19 20:21:09;19/04/2026 02:00 p.m.;36,93;0,00;1,04;999,37
2026-04-19 20:21:09;19/04/2026 01:00 p.m.;36,49;0,00;1,17;1.000,47
2026-04-19 21:47:59;19/04/2026 03:00 p.m.;37,29;0,00;0,87;998,53
2026-04-19 23:00:05;19/04/2026 04:00 p.m.;36,77;0,00;0,57;998,20
2026-04-20 01:13:53;19/04/2026 07:00 p.m.;32,17;0,00;0,00;999,75
2026-04-20 01:13:53;19/04/2026 06:00 p.m.;33,98;0,00;0,15;998,80
2026-04-20 01:13:53;19/04/2026 05:00 p.m.;35,80;0,00;0,39;998,23
2026-04-20 04:31:50;19/04/2026 10:00 p.m.;28,72;0,00;0,00;1.002,22
2026-04-20 04:31:50;19/04/2026 09:00 p.m.;29,75;0,00;0,00;1.001,60
2026-04-20 04:31:50;19/04/2026 08:00 p.m.;30,75;0,00;0,00;1.000,67
2026-04-20 06:34:48;20/04/2026 12:00 a.m.;26,45;0,00;0,00;1.001,86
2026-04-20 06:34:48;19/04/2026 11:00 p.m.;27,70;0,00;0,00;1.002,20
2026-04-20 08:38:46;20/04/2026 02:00 a.m.;23,96;0,00;0,00;1.001,04
2026-04-20 08:38:46;20/04/2026 01:00 a.m.;24,90;0,00;0,00;1.001,46
2026-04-20 10:22:53;20/04/2026 04:00 a.m.;23,30;0,00;0,00;1.000,92
2026-04-20 10:22:53;20/04/2026 03:00 a.m.;23,56;0,00;0,00;1.000,88
2026-04-20 11:50:05;20/04/2026 05:00 a.m.;21,93;0,00;0,00;1.001,30
2026-04-20 12:56:42;20/04/2026 06:00 a.m.;21,39;0,00;0,06;1.001,64
2026-04-20 14:54:27;20/04/2026 08:00 a.m.;28,67;0,00;0,57;1.003,12
2026-04-20 14:54:27;20/04/2026 07:00 a.m.;24,45;0,00;0,31;1.002,48
2026-04-20 16:07:42;20/04/2026 10:00 a.m.;33,02;0,00;1,01;1.003,00
2026-04-20 16:07:42;20/04/2026 09:00 a.m.;31,46;0,00;0,79;1.003,20
2026-04-20 17:18:26;20/04/2026 11:00 a.m.;34,17;0,00;1,14;1.002,74
2026-04-20 19:35:30;20/04/2026 12:00 p.m.;34,79;0,00;1,21;1.002,04
2026-04-20 20:24:54;20/04/2026 02:00 p.m.;35,95;0,00;1,04;1.000,09
2026-04-20 20:24:54;20/04/2026 01:00 p.m.;35,64;0,00;1,18;1.000,96
2026-04-20 21:10:48;20/04/2026 03:00 p.m.;35,99;0,00;0,95;999,36
2026-04-20 23:00:18;20/04/2026 04:00 p.m.;36,02;0,00;0,66;998,78
2026-04-20 23:54:56;20/04/2026 05:00 p.m.;35,47;0,00;0,41;998,72
2026-04-21 02:33:39;20/04/2026 08:00 p.m.;30,88;0,00;0,00;1.001,16
2026-04-21 02:33:39;20/04/2026 07:00 p.m.;31,59;0,00;0,00;1.000,20
2026-04-21 02:33:39;20/04/2026 06:00 p.m.;33,13;0,00;0,14;999,30
2026-04-21 05:15:10;20/04/2026 10:00 p.m.;29,18;0,00;0,00;1.002,67
2026-04-21 05:15:10;20/04/2026 09:00 p.m.;29,98;0,00;0,00;1.002,07
2026-04-21 07:08:39;21/04/2026 01:00 a.m.;27,87;0,00;0,00;1.002,62
2026-04-21 07:08:39;21/04/2026 12:00 a.m.;28,49;0,00;0,00;1.002,94
2026-04-21 07:08:39;20/04/2026 11:00 p.m.;28,80;0,00;0,00;1.003,00
2026-04-21 09:01:35;21/04/2026 02:00 a.m.;27,43;0,00;0,00;1.002,21
2026-04-21 10:40:29;21/04/2026 04:00 a.m.;27,26;0,00;0,00;1.001,68
2026-04-21 10:40:29;21/04/2026 03:00 a.m.;27,23;0,00;0,00;1.001,77
2026-04-21 11:45:09;21/04/2026 05:00 a.m.;26,55;0,00;0,00;1.002,22
2026-04-21 12:48:19;21/04/2026 06:00 a.m.;25,90;0,00;0,06;1.002,82
2026-04-21 14:25:48;21/04/2026 08:00 a.m.;30,16;0,00;0,59;1.004,01
2026-04-21 14:25:48;21/04/2026 07:00 a.m.;28,26;0,00;0,33;1.003,57
2026-04-21 15:52:35;21/04/2026 09:00 a.m.;31,81;0,00;0,80;1.004,32
2026-04-21 17:55:26;21/04/2026 11:00 a.m.;33,05;0,00;1,28;1.003,93
2026-04-21 17:55:26;21/04/2026 10:00 a.m.;32,82;0,00;1,14;1.004,24
2026-04-21 21:07:23;21/04/2026 02:00 p.m.;35,47;0,00;1,11;1.000,58
2026-04-21 21:07:23;21/04/2026 01:00 p.m.;35,09;0,00;1,21;1.001,79
2026-04-21 21:07:23;21/04/2026 12:00 p.m.;34,02;0,00;1,23;1.003,00
2026-04-21 21:57:55;21/04/2026 03:00 p.m.;36,13;0,00;0,86;999,66
2026-04-21 23:24:15;21/04/2026 05:00 p.m.;34,96;0,00;0,39;999,27
2026-04-21 23:24:15;21/04/2026 04:00 p.m.;35,68;0,00;0,65;999,16
2026-04-22 03:35:55;21/04/2026 09:00 p.m.;29,41;0,00;0,00;1.003,07
2026-04-22 03:35:55;21/04/2026 08:00 p.m.;30,52;0,00;0,00;1.002,25
2026-04-22 03:35:55;21/04/2026 07:00 p.m.;31,54;0,00;0,00;1.001,16
2026-04-22 03:35:55;21/04/2026 06:00 p.m.;33,21;0,00;0,14;1.000,03
2026-04-22 05:50:58;21/04/2026 11:00 p.m.;27,83;0,00;0,00;1.003,65
2026-04-22 05:50:58;21/04/2026 10:00 p.m.;28,56;0,00;0,00;1.003,39
2026-04-22 07:18:37;22/04/2026 12:00 a.m.;27,13;0,00;0,00;1.003,44
2026-04-22 09:00:35;22/04/2026 02:00 a.m.;25,81;0,00;0,00;1.002,30
2026-04-22 09:00:35;22/04/2026 01:00 a.m.;26,82;0,00;0,00;1.002,92
2026-04-22 10:39:36;22/04/2026 04:00 a.m.;25,14;0,00;0,00;1.001,99
2026-04-22 10:39:36;22/04/2026 03:00 a.m.;26,21;0,00;0,00;1.002,01
2026-04-22 11:43:39;22/04/2026 05:00 a.m.;24,17;0,00;0,00;1.002,35
2026-04-22 12:47:38;22/04/2026 06:00 a.m.;23,99;0,00;0,04;1.002,81
2026-04-22 14:26:16;22/04/2026 08:00 a.m.;26,39;0,00;0,26;1.004,48
2026-04-22 14:26:16;22/04/2026 07:00 a.m.;24,78;0,00;0,14;1.003,57
2026-04-22 16:48:35;22/04/2026 10:00 a.m.;29,88;0,00;1,09;1.004,42
2026-04-22 16:48:35;22/04/2026 09:00 a.m.;28,42;0,00;0,26;1.004,83
2026-04-22 17:47:01;22/04/2026 11:00 a.m.;33,43;0,00;1,38;1.003,51
2026-04-22 18:51:50;22/04/2026 12:00 p.m.;34,77;0,00;1,44;1.002,64
2026-04-22 20:00:37;22/04/2026 01:00 p.m.;33,82;0,00;0,86;1.001,87
2026-04-22 21:06:02;22/04/2026 03:00 p.m.;35,01;0,00;0,86;999,56
2026-04-22 21:06:02;22/04/2026 02:00 p.m.;34,96;0,00;1,17;1.000,39
2026-04-22 23:00:50;22/04/2026 04:00 p.m.;34,52;0,00;0,67;999,10
2026-04-23 02:48:41;22/04/2026 08:00 p.m.;29,64;0,00;0,00;1.001,47
2026-04-23 02:48:41;22/04/2026 07:00 p.m.;30,28;0,00;0,00;1.000,61
2026-04-23 02:48:41;22/04/2026 06:00 p.m.;31,62;0,00;0,11;1.000,13
2026-04-23 02:48:41;22/04/2026 05:00 p.m.;32,76;0,00;0,30;999,47
2026-04-23 05:19:08;22/04/2026 11:00 p.m.;28,23;0,00;0,00;1.002,30
2026-04-23 05:19:08;22/04/2026 10:00 p.m.;28,83;0,00;0,00;1.002,16
2026-04-23 05:19:08;22/04/2026 09:00 p.m.;28,87;0,00;0,00;1.001,80
2026-04-23 07:12:27;23/04/2026 01:00 a.m.;26,71;0,00;0,00;1.001,35
2026-04-23 07:12:27;23/04/2026 12:00 a.m.;27,33;0,00;0,00;1.001,75
2026-04-23 09:04:40;23/04/2026 02:00 a.m.;26,37;0,00;0,00;1.000,55
2026-04-23 10:44:00;23/04/2026 04:00 a.m.;24,74;0,00;0,00;1.000,41
2026-04-23 10:44:00;23/04/2026 03:00 a.m.;25,24;0,00;0,00;1.000,45
2026-04-23 11:46:51;23/04/2026 05:00 a.m.;23,70;0,00;0,00;1.000,83
2026-04-23 12:49:28;23/04/2026 06:00 a.m.;22,91;0,00;0,06;1.001,58
2026-04-23 15:04:09;23/04/2026 08:00 a.m.;28,57;0,00;0,55;1.002,81
2026-04-23 15:04:09;23/04/2026 07:00 a.m.;25,07;0,00;0,31;1.002,15
2026-04-23 16:51:13;23/04/2026 10:00 a.m.;33,40;0,00;0,94;1.002,87
2026-04-23 16:51:13;23/04/2026 09:00 a.m.;31,27;0,00;0,79;1.002,98
2026-04-23 18:02:01;23/04/2026 11:00 a.m.;34,24;0,00;1,21;1.002,35
2026-04-23 19:37:33;23/04/2026 01:00 p.m.;35,01;0,00;1,22;1.000,16
2026-04-23 19:37:33;23/04/2026 12:00 p.m.;35,02;0,00;1,27;1.001,32
2026-04-23 20:37:19;23/04/2026 02:00 p.m.;33,88;0,00;0,91;999,17
2026-04-23 21:28:28;23/04/2026 03:00 p.m.;32,86;0,00;0,91;998,88
2026-04-23 23:07:59;23/04/2026 05:00 p.m.;31,60;0,00;0,45;999,04
2026-04-23 23:07:59;23/04/2026 04:00 p.m.;33,90;0,00;0,71;998,55
2026-04-28 21:32:47;28/04/2026 03:00 p.m.;36,57;0,00;0,83;998,67
2026-04-28 21:32:47;28/04/2026 02:00 p.m.;36,39;0,00;0,98;999,32
2026-04-28 21:32:47;28/04/2026 01:00 p.m.;35,74;0,00;1,06;1.000,42
2026-04-28 21:32:47;28/04/2026 12:00 p.m.;34,92;0,00;1,11;1.001,47
2026-04-28 21:32:47;28/04/2026 11:00 a.m.;34,09;0,00;1,09;1.002,13
2026-04-28 21:32:47;28/04/2026 10:00 a.m.;33,18;0,00;0,94;1.002,36
2026-04-28 21:32:47;28/04/2026 09:00 a.m.;30,33;0,00;0,78;1.002,65
2026-04-28 21:32:47;28/04/2026 08:00 a.m.;26,19;0,00;0,56;1.002,49
2026-04-28 21:32:47;28/04/2026 07:00 a.m.;24,15;0,00;0,35;1.001,73
2026-04-28 21:32:47;28/04/2026 06:00 a.m.;22,23;0,00;0,09;1.001,18
2026-04-28 21:32:47;28/04/2026 05:00 a.m.;22,43;0,00;0,00;1.000,79
2026-04-28 21:32:47;28/04/2026 04:00 a.m.;23,17;0,00;0,00;1.000,45
2026-04-28 21:32:47;28/04/2026 03:00 a.m.;24,05;0,00;0,00;1.000,68
2026-04-28 21:32:47;28/04/2026 02:00 a.m.;24,28;0,00;0,00;1.001,05
2026-04-28 21:32:47;28/04/2026 01:00 a.m.;24,91;0,00;0,00;1.001,49
2026-04-28 21:32:47;28/04/2026 12:00 a.m.;25,05;0,00;0,00;1.001,82
2026-04-28 21:32:47;27/04/2026 11:00 p.m.;25,13;0,00;0,00;1.002,25
2026-04-28 21:32:47;27/04/2026 10:00 p.m.;25,53;0,00;0,00;1.002,29
2026-04-28 21:32:47;27/04/2026 09:00 p.m.;26,61;0,00;0,00;1.001,98
2026-04-28 21:32:47;27/04/2026 08:00 p.m.;26,51;0,00;0,00;1.001,44
2026-04-28 21:32:47;27/04/2026 07:00 p.m.;27,66;0,00;0,02;1.000,52
2026-04-28 21:32:47;27/04/2026 06:00 p.m.;29,65;0,00;0,11;999,57
2026-04-28 21:32:47;27/04/2026 05:00 p.m.;34,49;0,00;0,34;998,24
2026-04-28 21:32:47;27/04/2026 04:00 p.m.;35,01;0,00;0,80;997,86
2026-04-28 21:32:47;27/04/2026 03:00 p.m.;32,78;0,00;0,44;998,46
2026-04-28 22:34:52;28/04/2026 04:00 p.m.;36,00;0,00;0,65;998,25
2026-04-28 23:33:26;28/04/2026 05:00 p.m.;35,08;0,00;0,40;998,28
2026-04-29 01:21:02;28/04/2026 07:00 p.m.;31,63;0,00;0,00;999,66
2026-04-29 01:21:02;28/04/2026 06:00 p.m.;33,36;0,00;0,12;998,99
2026-04-29 04:44:26;28/04/2026 10:00 p.m.;28,20;0,00;0,00;1.001,44
2026-04-29 04:44:26;28/04/2026 09:00 p.m.;29,24;0,00;0,00;1.001,06
2026-04-29 04:44:26;28/04/2026 08:00 p.m.;30,30;0,00;0,00;1.000,33
2026-04-29 07:12:32;29/04/2026 01:00 a.m.;25,00;0,00;0,00;1.000,75
2026-04-29 07:12:32;29/04/2026 12:00 a.m.;26,21;0,00;0,00;1.001,00
2026-04-29 07:12:32;28/04/2026 11:00 p.m.;27,12;0,00;0,00;1.001,50
2026-04-29 09:26:11;29/04/2026 03:00 a.m.;23,22;0,00;0,00;999,26
2026-04-29 09:26:11;29/04/2026 02:00 a.m.;25,97;0,00;0,00;999,93
2026-04-29 11:15:47;29/04/2026 05:00 a.m.;21,43;0,00;0,00;999,35
2026-04-29 11:15:47;29/04/2026 04:00 a.m.;23,06;0,00;0,00;999,07
2026-04-29 12:57:38;29/04/2026 06:00 a.m.;21,18;0,00;0,08;999,72
2026-04-29 15:21:14;29/04/2026 09:00 a.m.;32,43;0,00;0,79;1.000,58
2026-04-29 15:21:14;29/04/2026 08:00 a.m.;27,31;0,00;0,58;1.000,69
2026-04-29 15:21:14;29/04/2026 07:00 a.m.;23,20;0,00;0,32;1.000,08
2026-04-29 16:57:38;29/04/2026 10:00 a.m.;33,85;0,00;0,94;1.000,40
2026-04-29 18:17:42;29/04/2026 11:00 a.m.;34,77;0,00;1,03;999,99
2026-04-29 19:56:50;29/04/2026 01:00 p.m.;36,46;0,00;1,14;998,34
2026-04-29 19:56:50;29/04/2026 12:00 p.m.;35,60;0,00;1,08;999,28
2026-04-29 21:10:54;29/04/2026 03:00 p.m.;36,94;0,00;0,87;996,32
2026-04-29 21:10:54;29/04/2026 02:00 p.m.;36,30;0,00;1,11;997,20
2026-04-29 23:11:41;29/04/2026 05:00 p.m.;35,22;0,00;0,41;995,99
2026-04-29 23:11:41;29/04/2026 04:00 p.m.;36,92;0,00;0,66;995,87
2026-04-30 04:03:37;29/04/2026 09:00 p.m.;29,98;0,00;0,00;999,08
2026-04-30 04:03:37;29/04/2026 08:00 p.m.;30,70;0,00;0,00;998,64
2026-04-30 04:03:37;29/04/2026 07:00 p.m.;32,00;0,00;0,00;997,84
2026-04-30 04:03:37;29/04/2026 06:00 p.m.;33,73;0,00;0,11;996,81
2026-04-30 06:38:08;30/04/2026 12:00 a.m.;27,44;0,00;0,00;999,15
2026-04-30 06:38:08;29/04/2026 11:00 p.m.;28,79;0,00;0,00;999,63
2026-04-30 06:38:08;29/04/2026 10:00 p.m.;29,47;0,00;0,00;999,79
2026-04-30 09:01:54;30/04/2026 02:00 a.m.;25,94;0,00;0,00;997,64
2026-04-30 09:01:54;30/04/2026 01:00 a.m.;27,81;0,00;0,00;998,44
2026-04-30 11:02:29;30/04/2026 04:00 a.m.;25,33;0,00;0,00;997,22
2026-04-30 11:02:29;30/04/2026 03:00 a.m.;24,99;0,00;0,00;997,21
2026-04-30 12:21:10;30/04/2026 06:00 a.m.;23,73;0,00;0,07;997,93
2026-04-30 12:21:10;30/04/2026 05:00 a.m.;23,90;0,00;0,00;997,58
2026-04-30 14:29:44;30/04/2026 08:00 a.m.;28,98;0,00;0,57;999,03
2026-04-30 14:29:44;30/04/2026 07:00 a.m.;26,27;0,00;0,32;998,48
2026-04-30 16:06:12;30/04/2026 09:00 a.m.;31,34;0,00;0,78;999,29
2026-04-30 17:42:32;30/04/2026 11:00 a.m.;35,10;0,00;1,02;998,48
2026-04-30 17:42:32;30/04/2026 10:00 a.m.;33,97;0,00;0,93;999,08
2026-04-30 18:58:54;30/04/2026 12:00 p.m.;35,66;0,00;1,03;997,91
2026-04-30 20:15:18;30/04/2026 01:00 p.m.;36,19;0,00;1,04;996,93
2026-04-30 21:17:53;30/04/2026 03:00 p.m.;35,81;0,00;0,84;995,37
2026-04-30 21:17:53;30/04/2026 02:00 p.m.;35,89;0,00;0,98;996,13
2026-04-30 23:12:52;30/04/2026 04:00 p.m.;35,48;0,00;0,73;995,09
2026-05-01 00:08:16;30/04/2026 05:00 p.m.;34,16;0,00;0,48;995,22
2026-05-01 04:15:47;30/04/2026 09:00 p.m.;29,65;0,00;0,00;998,11
2026-05-01 04:15:47;30/04/2026 08:00 p.m.;29,78;0,00;0,00;997,37
2026-05-01 04:15:47;30/04/2026 07:00 p.m.;30,21;0,00;0,00;996,67
2026-05-01 04:15:47;30/04/2026 06:00 p.m.;31,91;0,00;0,15;995,77
2026-05-01 06:47:27;01/05/2026 12:00 a.m.;28,48;0,00;0,00;998,99
2026-05-01 06:47:27;30/04/2026 11:00 p.m.;28,90;0,00;0,00;999,20
2026-05-01 06:47:27;30/04/2026 10:00 p.m.;29,38;0,00;0,00;998,93
2026-05-01 08:52:08;01/05/2026 02:00 a.m.;27,85;0,00;0,00;998,02
2026-05-01 08:52:08;01/05/2026 01:00 a.m.;27,58;0,00;0,00;998,35
2026-05-01 10:17:01;01/05/2026 04:00 a.m.;25,70;0,00;0,00;997,60
2026-05-01 10:17:01;01/05/2026 03:00 a.m.;27,16;0,00;0,00;997,62
2026-05-01 11:35:12;01/05/2026 05:00 a.m.;25,09;0,00;0,00;
2026-05-01 12:39:45;01/05/2026 06:00 a.m.;24,81;0,00;0,08;998,28
2026-05-01 14:05:56;01/05/2026 07:00 a.m.;26,34;0,00;0,32;999,12
2026-05-01 15:13:55;01/05/2026 09:00 a.m.;32,70;0,00;0,77;999,68
2026-05-01 15:13:55;01/05/2026 08:00 a.m.;29,98;0,00;0,56;999,57
2026-05-01 17:16:10;01/05/2026 11:00 a.m.;34,92;0,00;1,35;999,18
2026-05-01 17:16:10;01/05/2026 10:00 a.m.;34,06;0,00;1,05;999,51
2026-05-01 19:42:25;01/05/2026 01:00 p.m.;33,92;0,00;1,27;998,31
2026-05-01 19:42:25;01/05/2026 12:00 p.m.;34,47;0,00;1,31;998,98
2026-05-01 20:35:08;01/05/2026 02:00 p.m.;34,44;0,00;1,13;997,16
2026-05-01 21:33:04;01/05/2026 03:00 p.m.;34,91;0,00;1,07;996,61
2026-05-01 22:30:38;01/05/2026 04:00 p.m.;33,86;0,00;0,69;996,46
2026-05-01 23:30:58;01/05/2026 05:00 p.m.;33,65;0,00;0,54;996,86
2026-05-02 01:14:02;01/05/2026 07:00 p.m.;31,14;0,00;0,00;998,44
2026-05-02 01:14:02;01/05/2026 06:00 p.m.;32,40;0,00;0,07;997,63
2026-05-02 04:29:37;01/05/2026 10:00 p.m.;27,14;0,00;0,00;1.001,62
2026-05-02 04:29:37;01/05/2026 09:00 p.m.;29,68;0,00;0,00;1.000,79
2026-05-02 04:29:37;01/05/2026 08:00 p.m.;30,09;0,00;0,00;999,39
2026-05-02 06:27:18;02/05/2026 12:00 a.m.;25,27;0,00;0,00;1.002,16
2026-05-02 06:27:18;01/05/2026 11:00 p.m.;25,56;0,00;0,00;1.002,05
2026-05-02 08:09:49;02/05/2026 02:00 a.m.;25,09;0,00;0,00;1.000,65
2026-05-02 08:09:49;02/05/2026 01:00 a.m.;25,36;0,00;0,00;1.001,43
2026-05-02 09:21:24;02/05/2026 03:00 a.m.;25,01;0,00;0,00;999,92
2026-05-02 10:26:43;02/05/2026 04:00 a.m.;24,72;0,00;0,00;999,86
2026-05-02 11:23:25;02/05/2026 05:00 a.m.;24,95;0,00;0,00;1.000,28
2026-05-02 12:05:38;02/05/2026 06:00 a.m.;25,03;0,00;0,09;1.000,80
2026-05-02 13:45:37;02/05/2026 07:00 a.m.;26,52;0,00;0,27;1.000,80
2026-05-02 14:37:13;02/05/2026 08:00 a.m.;28,74;0,00;0,57;1.001,32
2026-05-02 15:30:06;02/05/2026 09:00 a.m.;30,47;0,00;0,86;1.001,90
2026-05-02 16:26:10;02/05/2026 10:00 a.m.;32,12;0,00;0,97;1.001,69
2026-05-02 17:24:48;02/05/2026 11:00 a.m.;33,74;0,00;1,11;1.001,22
2026-05-02 19:17:47;02/05/2026 01:00 p.m.;36,03;0,00;0,85;999,24
2026-05-02 19:17:47;02/05/2026 12:00 p.m.;35,32;0,00;1,10;1.000,12
2026-05-02 20:55:09;02/05/2026 02:00 p.m.;35,29;0,00;0,81;998,24
2026-05-02 21:40:59;02/05/2026 03:00 p.m.;26,71;40,80;0,30;999,34
2026-05-02 23:08:43;02/05/2026 05:00 p.m.;24,38;0,40;0,01;997,85
2026-05-02 23:08:43;02/05/2026 04:00 p.m.;23,87;0,60;0,01;998,54
2026-05-03 04:04:25;02/05/2026 10:00 p.m.;24,98;0,00;0,00;1.002,10
2026-05-03 04:04:25;02/05/2026 09:00 p.m.;25,20;0,00;0,00;1.001,59
2026-05-03 04:04:25;02/05/2026 08:00 p.m.;24,90;0,00;0,00;1.000,81
2026-05-03 04:04:25;02/05/2026 07:00 p.m.;24,82;0,00;0,00;999,03
2026-05-03 04:04:25;02/05/2026 06:00 p.m.;24,71;0,40;0,01;999,23
2026-05-03 06:35:58;03/05/2026 12:00 a.m.;24,75;0,00;0,00;1.001,80
2026-05-03 06:35:58;02/05/2026 11:00 p.m.;25,01;0,00;0,00;1.002,24
2026-05-03 08:22:59;03/05/2026 02:00 a.m.;24,55;0,00;0,00;1.001,41
2026-05-03 08:22:59;03/05/2026 01:00 a.m.;24,61;0,00;0,00;1.001,80
2026-05-03 09:45:08;03/05/2026 03:00 a.m.;24,06;0,00;0,00;1.001,15
2026-05-03 10:39:25;03/05/2026 04:00 a.m.;24,10;0,00;0,00;1.001,09
2026-05-03 11:27:42;03/05/2026 05:00 a.m.;23,87;0,00;0,00;1.001,38
2026-05-03 12:07:50;03/05/2026 06:00 a.m.;23,86;0,20;0,04;1.002,21
2026-05-03 13:47:58;03/05/2026 07:00 a.m.;24,49;0,00;0,17;1.003,03
2026-05-03 14:38:11;03/05/2026 08:00 a.m.;25,74;0,00;0,49;1.003,61
2026-05-03 15:29:35;03/05/2026 09:00 a.m.;27,86;0,00;0,57;1.003,46
2026-05-03 16:25:01;03/05/2026 10:00 a.m.;30,00;0,00;1,14;1.003,39
2026-05-03 17:24:03;03/05/2026 11:00 a.m.;31,47;0,00;1,26;1.003,01
2026-05-03 19:18:30;03/05/2026 01:00 p.m.;33,04;0,00;1,15;1.001,02
2026-05-03 19:18:30;03/05/2026 12:00 p.m.;31,88;0,00;1,03;1.002,19
2026-05-03 20:03:27;03/05/2026 02:00 p.m.;33,73;0,00;1,09;999,95
2026-05-03 21:54:24;03/05/2026 03:00 p.m.;32,39;0,00;0,86;999,32
2026-05-03 22:38:49;03/05/2026 04:00 p.m.;30,77;0,00;0,29;999,19
2026-05-03 23:27:51;03/05/2026 05:00 p.m.;30,33;0,00;0,19;999,12
2026-05-04 01:16:26;03/05/2026 07:00 p.m.;29,48;0,00;0,00;1.000,75
2026-05-04 01:16:26;03/05/2026 06:00 p.m.;30,02;0,00;0,05;999,68
2026-05-04 04:51:13;03/05/2026 10:00 p.m.;25,55;0,00;0,00;1.003,17
2026-05-04 04:51:13;03/05/2026 09:00 p.m.;28,53;0,00;0,00;1.002,77
2026-05-04 04:51:13;03/05/2026 08:00 p.m.;29,13;0,00;0,00;1.001,94
2026-05-04 07:42:47;04/05/2026 01:00 a.m.;25,15;0,00;0,00;1.001,04
2026-05-04 07:42:47;04/05/2026 12:00 a.m.;25,69;0,00;0,00;1.001,98
2026-05-04 07:42:47;03/05/2026 11:00 p.m.;25,25;0,00;0,00;1.002,78
2026-05-04 10:01:44;04/05/2026 03:00 a.m.;24,85;0,00;0,00;999,36
2026-05-04 10:01:44;04/05/2026 02:00 a.m.;25,02;0,00;0,00;1.000,08
2026-05-04 12:01:55;04/05/2026 05:00 a.m.;25,08;0,00;0,00;999,39
2026-05-04 12:01:55;04/05/2026 04:00 a.m.;24,51;0,00;0,00;999,28
2026-05-04 14:25:45;04/05/2026 07:00 a.m.;27,86;0,00;0,31;1.000,22
2026-05-04 14:25:45;04/05/2026 06:00 a.m.;24,45;0,00;0,07;999,73
2026-05-04 16:18:01;04/05/2026 09:00 a.m.;32,33;0,00;0,78;1.001,36
2026-05-04 16:18:01;04/05/2026 08:00 a.m.;30,44;0,00;0,53;1.000,96
2026-05-04 17:56:09;04/05/2026 11:00 a.m.;34,45;0,00;1,27;1.001,25
2026-05-04 17:56:09;04/05/2026 10:00 a.m.;33,68;0,00;1,04;1.001,37
2026-05-04 19:44:06;04/05/2026 01:00 p.m.;35,51;0,00;1,21;999,79
2026-05-04 19:44:06;04/05/2026 12:00 p.m.;34,91;0,00;1,34;1.000,75
2026-05-04 20:52:33;04/05/2026 02:00 p.m.;36,13;0,00;1,11;998,84
2026-05-04 21:54:29;04/05/2026 03:00 p.m.;35,67;0,00;0,95;998,61
2026-05-04 22:56:29;04/05/2026 04:00 p.m.;32,43;0,00;0,63;998,69
2026-05-04 23:57:24;04/05/2026 05:00 p.m.;29,06;0,00;0,13;999,50
2026-05-05 03:31:03;04/05/2026 09:00 p.m.;24,77;0,00;0,00;1.002,16
2026-05-05 03:31:03;04/05/2026 08:00 p.m.;25,26;0,00;0,00;1.001,61
2026-05-05 03:31:03;04/05/2026 07:00 p.m.;25,83;0,00;0,00;1.001,28
2026-05-05 03:31:03;04/05/2026 06:00 p.m.;26,89;0,00;0,07;1.000,43
2026-05-05 06:03:15;04/05/2026 11:00 p.m.;25,16;0,00;0,00;1.002,16
2026-05-05 06:03:15;04/05/2026 10:00 p.m.;24,92;0,00;0,00;1.002,29
2026-05-05 08:24:38;05/05/2026 01:00 a.m.;24,56;0,00;0,00;1.000,03
2026-05-05 08:24:38;05/05/2026 12:00 a.m.;24,85;0,00;0,00;1.001,16
2026-05-05 10:17:13;05/05/2026 04:00 a.m.;25,04;0,00;0,00;999,26
2026-05-05 10:17:13;05/05/2026 03:00 a.m.;24,53;0,00;0,00;998,98
2026-05-05 10:17:13;05/05/2026 02:00 a.m.;24,59;0,00;0,00;999,20
2026-05-05 11:43:12;05/05/2026 05:00 a.m.;25,74;0,00;0,00;999,78
2026-05-05 12:58:09;05/05/2026 06:00 a.m.;25,02;0,00;0,04;1.000,49
2026-05-05 16:57:32;05/05/2026 10:00 a.m.;33,35;0,00;1,08;1.001,95
2026-05-05 16:57:32;05/05/2026 09:00 a.m.;31,87;0,00;0,78;1.001,66
2026-05-05 16:57:32;05/05/2026 08:00 a.m.;28,19;0,00;0,57;1.001,27
2026-05-05 16:57:32;05/05/2026 07:00 a.m.;25,71;0,00;0,20;1.000,74
2026-05-05 18:15:51;05/05/2026 11:00 a.m.;34,13;0,00;1,27;1.001,58
2026-05-05 19:54:42;05/05/2026 01:00 p.m.;33,01;0,00;1,13;1.000,46
2026-05-05 19:54:42;05/05/2026 12:00 p.m.;33,41;0,00;0,64;1.001,23
2026-05-05 21:01:36;05/05/2026 02:00 p.m.;34,93;0,00;1,34;999,09
2026-05-05 22:09:31;05/05/2026 04:00 p.m.;34,86;0,00;0,66;998,21
2026-05-05 22:09:31;05/05/2026 03:00 p.m.;35,08;0,00;0,87;998,50
2026-05-05 23:11:25;05/05/2026 05:00 p.m.;34,19;0,00;0,39;998,52
2026-05-06 04:00:41;05/05/2026 09:00 p.m.;29,43;0,00;0,00;1.000,78
2026-05-06 04:00:41;05/05/2026 08:00 p.m.;30,44;0,00;0,00;1.000,47
2026-05-06 04:00:41;05/05/2026 07:00 p.m.;31,95;0,00;0,00;1.000,21
2026-05-06 04:00:41;05/05/2026 06:00 p.m.;33,39;0,00;0,16;999,43
2026-05-06 06:39:52;06/05/2026 12:00 a.m.;28,86;0,00;0,00;1.001,16
2026-05-06 06:39:52;05/05/2026 11:00 p.m.;28,14;0,00;0,00;1.001,48
2026-05-06 06:39:52;05/05/2026 10:00 p.m.;28,77;0,00;0,00;1.001,11
2026-05-06 09:11:10;06/05/2026 03:00 a.m.;27,55;0,00;0,00;1.000,28
2026-05-06 09:11:10;06/05/2026 02:00 a.m.;27,53;0,00;0,00;1.000,64
2026-05-06 09:11:10;06/05/2026 01:00 a.m.;27,56;0,00;0,00;1.000,96
2026-05-06 11:19:20;06/05/2026 05:00 a.m.;27,23;0,00;0,00;1.000,77
2026-05-06 11:19:20;06/05/2026 04:00 a.m.;27,52;0,00;0,00;1.000,21
2026-05-06 13:05:49;06/05/2026 07:00 a.m.;28,53;0,00;0,28;1.001,37
2026-05-06 13:05:49;06/05/2026 06:00 a.m.;27,72;0,00;0,09;1.001,07
2026-05-06 15:31:39;06/05/2026 09:00 a.m.;32,66;0,00;0,86;1.001,89
2026-05-06 15:31:39;06/05/2026 08:00 a.m.;30,34;0,00;0,54;1.001,80
2026-05-06 17:07:24;06/05/2026 11:00 a.m.;34,95;0,00;1,13;1.001,59
2026-05-06 17:07:24;06/05/2026 10:00 a.m.;34,01;0,00;0,96;1.001,91
2026-05-06 18:57:10;06/05/2026 12:00 p.m.;35,79;0,00;1,13;1.000,99
2026-05-06 20:27:29;06/05/2026 02:00 p.m.;36,11;0,00;1,12;999,54
2026-05-06 20:27:29;06/05/2026 01:00 p.m.;36,34;0,00;1,19;1.000,33
2026-05-06 21:41:38;06/05/2026 03:00 p.m.;34,20;0,00;0,91;998,92
2026-05-06 23:31:33;06/05/2026 05:00 p.m.;31,93;0,40;0,35;999,00
2026-05-06 23:31:33;06/05/2026 04:00 p.m.;33,42;0,00;0,69;998,66
2026-05-07 01:19:51;06/05/2026 07:00 p.m.;26,79;4,20;0,00;
2026-05-07 01:19:51;06/05/2026 06:00 p.m.;29,34;0,80;0,14;
2026-05-07 04:47:13;06/05/2026 10:00 p.m.;26,88;0,00;0,00;
2026-05-07 04:47:13;06/05/2026 09:00 p.m.;27,11;0,00;0,00;1.002,38
2026-05-07 04:47:13;06/05/2026 08:00 p.m.;27,05;0,00;0,00;1.001,73
2026-05-07 07:34:48;07/05/2026 01:00 a.m.;26,06;0,00;0,00;1.001,70
2026-05-07 07:34:48;07/05/2026 12:00 a.m.;26,42;0,00;0,00;1.002,31
2026-05-07 07:34:48;06/05/2026 11:00 p.m.;26,66;0,00;0,00;
2026-05-07 10:05:22;07/05/2026 04:00 a.m.;25,39;0,00;0,00;1.000,39
2026-05-07 10:05:22;07/05/2026 03:00 a.m.;25,56;0,00;0,00;1.000,55
2026-05-07 10:05:22;07/05/2026 02:00 a.m.;25,26;0,00;0,00;
2026-05-07 12:03:14;07/05/2026 05:00 a.m.;24,64;0,00;0,00;1.000,47
2026-05-07 14:44:34;07/05/2026 08:00 a.m.;27,46;0,00;0,51;1.001,86
2026-05-07 14:44:34;07/05/2026 07:00 a.m.;25,91;0,00;0,34;1.001,29
2026-05-07 14:44:34;07/05/2026 06:00 a.m.;24,67;0,00;0,06;1.000,74
2026-05-07 16:28:10;07/05/2026 10:00 a.m.;31,96;0,00;0,67;1.001,87
2026-05-07 16:28:10;07/05/2026 09:00 a.m.;29,46;0,20;0,58;1.002,24
2026-05-07 18:09:20;07/05/2026 11:00 a.m.;33,92;0,00;1,06;1.001,65
2026-05-07 19:53:40;07/05/2026 01:00 p.m.;35,52;0,00;1,22;1.000,37
2026-05-07 19:53:40;07/05/2026 12:00 p.m.;34,66;0,00;0,92;1.001,12
2026-05-07 21:01:28;07/05/2026 02:00 p.m.;33,57;0,00;0,42;999,76
2026-05-07 22:12:05;07/05/2026 03:00 p.m.;31,68;0,00;0,39;999,34
2026-05-07 23:12:27;07/05/2026 05:00 p.m.;31,62;0,00;0,21;999,28
2026-05-07 23:12:27;07/05/2026 04:00 p.m.;31,53;0,00;0,31;999,00
2026-05-08 03:52:39;07/05/2026 09:00 p.m.;28,81;0,00;0,00;1.000,59
2026-05-08 03:52:39;07/05/2026 08:00 p.m.;28,89;0,00;0,00;1.000,33
2026-05-08 03:52:39;07/05/2026 07:00 p.m.;29,30;0,00;0,00;999,68
2026-05-08 03:52:39;07/05/2026 06:00 p.m.;30,48;0,00;0,09;999,33
2026-05-08 05:52:31;07/05/2026 11:00 p.m.;27,95;0,00;0,00;1.000,81
2026-05-08 05:52:31;07/05/2026 10:00 p.m.;28,53;0,00;0,00;1.000,73
2026-05-08 07:18:58;08/05/2026 01:00 a.m.;26,02;0,00;0,00;1.000,29
2026-05-08 07:18:58;08/05/2026 12:00 a.m.;26,96;0,00;0,00;1.000,68
2026-05-08 08:52:11;08/05/2026 02:00 a.m.;27,49;0,00;0,00;999,17
2026-05-08 10:18:31;08/05/2026 04:00 a.m.;25,46;0,00;0,00;998,24
2026-05-08 10:18:31;08/05/2026 03:00 a.m.;25,58;0,00;0,00;998,59
2026-05-08 11:49:17;08/05/2026 05:00 a.m.;24,42;0,00;0,00;998,46
2026-05-08 13:01:20;08/05/2026 06:00 a.m.;24,47;0,00;0,10;998,86
2026-05-08 15:00:55;08/05/2026 08:00 a.m.;29,19;0,00;0,58;999,92
2026-05-08 15:00:55;08/05/2026 07:00 a.m.;26,76;0,00;0,34;999,34
2026-05-08 16:25:18;08/05/2026 10:00 a.m.;34,04;0,00;0,93;999,73
2026-05-08 16:25:18;08/05/2026 09:00 a.m.;32,08;0,00;0,74;999,82
2026-05-08 17:52:04;08/05/2026 11:00 a.m.;34,81;0,00;1,01;999,56
2026-05-08 19:05:40;08/05/2026 01:00 p.m.;36,19;0,00;1,02;998,10
2026-05-08 19:05:40;08/05/2026 12:00 p.m.;35,59;0,00;1,02;998,94
2026-05-08 20:15:29;08/05/2026 02:00 p.m.;36,79;0,00;0,98;997,00
2026-05-08 21:29:50;08/05/2026 03:00 p.m.;36,68;0,00;0,83;996,25
2026-05-08 22:32:10;08/05/2026 04:00 p.m.;36,31;0,00;0,62;996,00
2026-05-08 23:32:28;08/05/2026 05:00 p.m.;35,39;0,00;0,38;996,15
2026-05-09 01:18:50;08/05/2026 06:00 p.m.;33,69;0,00;0,14;996,74
2026-05-09 04:38:34;08/05/2026 10:00 p.m.;29,45;0,00;0,00;999,42
2026-05-09 04:38:34;08/05/2026 09:00 p.m.;30,08;0,00;0,00;999,19
2026-05-09 04:38:34;08/05/2026 08:00 p.m.;30,77;0,00;0,00;998,46
2026-05-09 04:38:34;08/05/2026 07:00 p.m.;31,88;0,00;0,00;997,46
2026-05-09 06:36:21;09/05/2026 12:00 a.m.;28,85;0,00;0,00;998,76
2026-05-09 06:36:21;08/05/2026 11:00 p.m.;29,16;0,00;0,00;999,17
2026-05-09 08:22:04;09/05/2026 02:00 a.m.;28,50;0,00;0,00;997,88
2026-05-09 08:22:04;09/05/2026 01:00 a.m.;27,76;0,00;0,00;998,33
2026-05-09 09:50:23;09/05/2026 03:00 a.m.;26,26;0,00;0,00;997,78
2026-05-09 10:43:27;09/05/2026 04:00 a.m.;27,62;0,00;0,00;997,55
2026-05-09 11:37:01;09/05/2026 05:00 a.m.;27,80;0,00;0,00;997,75
2026-05-09 12:40:21;09/05/2026 06:00 a.m.;25,43;0,00;0,09;998,38
2026-05-09 14:06:37;09/05/2026 08:00 a.m.;31,20;0,00;0,57;999,65
2026-05-09 14:06:37;09/05/2026 07:00 a.m.;29,02;0,00;0,32;999,13
2026-05-09 16:08:39;09/05/2026 09:00 a.m.;32,75;0,00;0,88;999,74
2026-05-09 17:12:19;09/05/2026 11:00 a.m.;34,44;0,00;1,21;998,67
2026-05-09 17:12:19;09/05/2026 10:00 a.m.;33,61;0,00;1,07;999,21
2026-05-09 18:06:41;09/05/2026 12:00 p.m.;35,87;0,00;1,18;997,97
2026-05-09 19:20:43;09/05/2026 01:00 p.m.;36,10;0,00;1,13;997,18
2026-05-09 21:00:49;09/05/2026 02:00 p.m.;37,01;0,00;1,01;996,53
2026-05-09 21:56:25;09/05/2026 03:00 p.m.;36,91;0,00;0,83;995,99
2026-05-09 22:51:27;09/05/2026 04:00 p.m.;36,40;0,00;0,64;995,70
2026-05-09 23:36:41;09/05/2026 05:00 p.m.;35,33;0,00;0,39;995,82
2026-05-10 01:24:33;09/05/2026 07:00 p.m.;31,59;0,00;0,00;997,36
2026-05-10 01:24:33;09/05/2026 06:00 p.m.;33,34;0,00;0,13;996,54
2026-05-10 05:02:52;09/05/2026 10:00 p.m.;28,83;0,00;0,00;999,03
2026-05-10 05:02:52;09/05/2026 09:00 p.m.;29,53;0,00;0,00;998,77
2026-05-10 05:02:52;09/05/2026 08:00 p.m.;30,31;0,00;0,00;997,92
2026-05-10 07:32:30;10/05/2026 01:00 a.m.;28,09;0,00;0,00;999,11
2026-05-10 07:32:30;10/05/2026 12:00 a.m.;28,39;0,00;0,00;999,15
2026-05-10 07:32:30;09/05/2026 11:00 p.m.;28,47;0,00;0,00;999,34
2026-05-10 09:15:13;10/05/2026 03:00 a.m.;28,17;0,00;0,00;998,15
2026-05-10 09:15:13;10/05/2026 02:00 a.m.;28,01;0,00;0,00;998,69
2026-05-10 10:40:54;10/05/2026 04:00 a.m.;28,22;0,00;0,00;998,40
2026-05-10 11:34:26;10/05/2026 05:00 a.m.;28,03;0,00;0,00;998,78
2026-05-10 12:38:25;10/05/2026 06:00 a.m.;28,36;0,00;0,08;999,42
2026-05-10 14:07:16;10/05/2026 08:00 a.m.;30,96;0,00;0,56;1.000,63
2026-05-10 14:07:16;10/05/2026 07:00 a.m.;29,53;0,00;0,32;1.000,16
2026-05-10 15:12:37;10/05/2026 09:00 a.m.;32,13;0,00;0,75;1.000,61
2026-05-10 16:11:03;10/05/2026 10:00 a.m.;33,25;0,00;0,93;1.000,78
2026-05-10 17:13:32;10/05/2026 11:00 a.m.;34,58;0,00;1,00;1.000,36
2026-05-10 18:07:58;10/05/2026 12:00 p.m.;35,46;0,00;1,01;999,72
2026-05-10 19:31:48;10/05/2026 01:00 p.m.;36,14;0,00;1,02;998,58
2026-05-10 20:24:52;10/05/2026 02:00 p.m.;36,61;0,00;0,95;997,78
2026-05-10 22:06:00;10/05/2026 03:00 p.m.;36,65;0,00;0,81;996,96
2026-05-10 23:05:17;10/05/2026 05:00 p.m.;35,36;0,00;0,38;996,83
2026-05-10 23:05:17;10/05/2026 04:00 p.m.;36,65;0,00;0,63;996,69
2026-05-11 00:04:36;10/05/2026 06:00 p.m.;33,21;0,00;0,15;997,67
2026-05-11 04:20:26;10/05/2026 10:00 p.m.;29,03;0,00;0,00;1.001,02
2026-05-11 04:20:26;10/05/2026 09:00 p.m.;29,64;0,00;0,00;1.000,61
2026-05-11 04:20:26;10/05/2026 08:00 p.m.;30,49;0,00;0,00;1.000,01
2026-05-11 04:20:26;10/05/2026 07:00 p.m.;31,50;0,00;0,00;999,06
2026-05-11 07:58:22;11/05/2026 01:00 a.m.;28,44;0,00;0,00;1.000,45
2026-05-11 07:58:22;11/05/2026 12:00 a.m.;28,54;0,00;0,00;1.001,23
2026-05-11 07:58:22;10/05/2026 11:00 p.m.;28,85;0,00;0,00;1.001,29
2026-05-11 11:32:53;11/05/2026 05:00 a.m.;26,98;0,00;0,00;999,46
2026-05-11 11:32:53;11/05/2026 04:00 a.m.;27,08;0,00;0,00;999,18
2026-05-11 11:32:53;11/05/2026 03:00 a.m.;27,05;0,00;0,00;999,47
2026-05-11 11:32:53;11/05/2026 02:00 a.m.;28,41;0,00;0,00;999,84
2026-05-11 14:04:46;11/05/2026 08:00 a.m.;29,99;0,00;0,58;1.000,94
2026-05-11 14:04:46;11/05/2026 07:00 a.m.;27,93;0,00;0,33;1.000,51
2026-05-11 14:04:46;11/05/2026 06:00 a.m.;25,42;0,00;0,08;1.000,09
2026-05-11 16:42:41;11/05/2026 10:00 a.m.;33,86;0,00;0,94;1.000,65
2026-05-11 16:42:41;11/05/2026 09:00 a.m.;32,47;0,00;0,79;1.000,88
2026-05-11 18:26:59;11/05/2026 12:00 p.m.;35,27;0,00;1,03;1.000,46
2026-05-11 18:26:59;11/05/2026 11:00 a.m.;34,66;0,00;1,00;1.000,58
2026-05-11 20:18:17;11/05/2026 01:00 p.m.;36,14;0,00;1,07;999,51
2026-05-11 21:45:47;11/05/2026 03:00 p.m.;36,05;0,00;0,87;998,29
2026-05-11 21:45:47;11/05/2026 02:00 p.m.;36,55;0,00;1,01;998,93
2026-05-11 22:41:43;11/05/2026 04:00 p.m.;35,42;0,00;0,61;998,34
2026-05-11 23:41:22;11/05/2026 05:00 p.m.;34,74;0,00;0,43;998,61
2026-05-12 01:24:59;11/05/2026 06:00 p.m.;32,86;0,00;0,16;999,27
2026-05-12 05:02:03;11/05/2026 10:00 p.m.;28,44;0,00;0,00;1.001,90
2026-05-12 05:02:03;11/05/2026 09:00 p.m.;29,43;0,00;0,00;1.001,45
2026-05-12 05:02:03;11/05/2026 08:00 p.m.;29,99;0,00;0,00;1.001,13
2026-05-12 05:02:03;11/05/2026 07:00 p.m.;31,05;0,00;0,00;1.000,55
2026-05-12 07:51:54;12/05/2026 01:00 a.m.;25,95;0,00;0,00;1.001,06
2026-05-12 07:51:54;12/05/2026 12:00 a.m.;27,40;0,00;0,00;1.001,29
2026-05-12 07:51:54;11/05/2026 11:00 p.m.;28,33;0,00;0,00;1.001,84
2026-05-12 10:24:36;12/05/2026 03:00 a.m.;25,57;0,00;0,00;1.000,21
2026-05-12 10:24:36;12/05/2026 02:00 a.m.;25,86;0,00;0,00;1.000,57
2026-05-12 12:23:41;12/05/2026 06:00 a.m.;23,88;0,00;0,08;1.001,08
2026-05-12 12:23:41;12/05/2026 05:00 a.m.;24,43;0,00;0,00;1.000,70
2026-05-12 12:23:41;12/05/2026 04:00 a.m.;24,08;0,00;0,00;1.000,26
2026-05-12 15:19:51;12/05/2026 08:00 a.m.;28,75;0,00;0,55;1.002,45
2026-05-12 15:19:51;12/05/2026 07:00 a.m.;25,91;0,00;0,26;1.001,76
2026-05-12 17:28:29;12/05/2026 11:00 a.m.;34,91;0,00;0,89;1.001,68
2026-05-12 17:28:29;12/05/2026 10:00 a.m.;33,67;0,00;0,89;1.002,19
2026-05-12 17:28:29;12/05/2026 09:00 a.m.;31,53;0,00;0,78;1.002,52
2026-05-12 19:19:03;12/05/2026 12:00 p.m.;35,61;0,00;1,03;1.001,20
2026-05-12 20:54:19;12/05/2026 02:00 p.m.;36,53;0,00;1,00;999,43
2026-05-12 20:54:19;12/05/2026 01:00 p.m.;36,21;0,00;1,05;1.000,39
2026-05-12 22:10:00;12/05/2026 04:00 p.m.;34,80;0,00;0,36;998,53
2026-05-12 22:10:00;12/05/2026 03:00 p.m.;35,48;0,00;0,93;998,75
2026-05-12 23:18:46;12/05/2026 05:00 p.m.;34,22;0,00;0,35;998,84
2026-05-13 00:16:30;12/05/2026 06:00 p.m.;32,67;0,00;0,09;999,63
2026-05-13 04:16:39;12/05/2026 10:00 p.m.;29,62;0,00;0,00;1.001,66
2026-05-13 04:16:39;12/05/2026 09:00 p.m.;29,58;0,00;0,00;1.001,64
2026-05-13 04:16:39;12/05/2026 08:00 p.m.;30,04;0,00;0,00;1.001,22
2026-05-13 04:16:39;12/05/2026 07:00 p.m.;31,31;0,00;0,00;1.000,39
2026-05-13 07:31:36;13/05/2026 01:00 a.m.;25,95;0,00;0,00;1.000,59
2026-05-13 07:31:36;13/05/2026 12:00 a.m.;27,41;0,00;0,00;1.001,25
2026-05-13 07:31:36;12/05/2026 11:00 p.m.;27,94;0,00;0,00;1.001,71
2026-05-13 10:07:25;13/05/2026 04:00 a.m.;24,13;0,00;0,00;1.000,06
2026-05-13 10:07:25;13/05/2026 03:00 a.m.;24,23;0,00;0,00;999,74
2026-05-13 10:07:25;13/05/2026 02:00 a.m.;25,08;0,00;0,00;999,99
2026-05-13 12:23:21;13/05/2026 06:00 a.m.;23,23;0,00;0,06;1.001,14
2026-05-13 12:23:21;13/05/2026 05:00 a.m.;26,01;0,00;0,00;1.000,45
2026-05-13 15:22:22;13/05/2026 09:00 a.m.;31,34;0,00;0,73;1.002,69
2026-05-13 15:22:22;13/05/2026 08:00 a.m.;27,91;0,00;0,58;1.002,55
2026-05-13 15:22:22;13/05/2026 07:00 a.m.;25,55;0,00;0,29;1.001,75
2026-05-13 17:32:07;13/05/2026 11:00 a.m.;34,78;0,00;1,06;1.001,58
2026-05-13 17:32:07;13/05/2026 10:00 a.m.;33,52;0,00;0,95;1.002,36
2026-05-13 19:22:13;13/05/2026 01:00 p.m.;35,25;0,00;1,07;999,98
2026-05-13 19:22:13;13/05/2026 12:00 p.m.;34,22;0,00;1,01;1.000,91
2026-05-13 21:05:29;13/05/2026 03:00 p.m.;35,54;0,00;0,82;998,18
2026-05-13 21:05:29;13/05/2026 02:00 p.m.;35,55;0,00;0,93;998,79
2026-05-13 22:22:32;13/05/2026 04:00 p.m.;34,90;0,00;0,63;997,95
2026-05-13 23:36:03;13/05/2026 05:00 p.m.;33,42;0,00;0,39;998,13
2026-05-14 01:31:17;13/05/2026 07:00 p.m.;30,32;0,00;0,00;999,54
2026-05-14 01:31:17;13/05/2026 06:00 p.m.;31,75;0,00;0,15;998,76
2026-05-14 05:29:56;13/05/2026 11:00 p.m.;28,95;0,00;0,00;1.000,89
2026-05-14 05:29:56;13/05/2026 10:00 p.m.;28,90;0,00;0,00;1.001,11
2026-05-14 05:29:56;13/05/2026 09:00 p.m.;29,08;0,00;0,00;1.000,88
2026-05-14 05:29:56;13/05/2026 08:00 p.m.;29,48;0,00;0,00;1.000,26
2026-05-14 08:11:43;14/05/2026 02:00 a.m.;26,31;0,00;0,00;999,77
2026-05-14 08:11:43;14/05/2026 01:00 a.m.;27,53;0,00;0,00;1.000,04
2026-05-14 08:11:43;14/05/2026 12:00 a.m.;27,99;0,00;0,00;1.000,62
2026-05-14 10:35:19;14/05/2026 04:00 a.m.;26,83;0,00;0,00;999,57
2026-05-14 10:35:19;14/05/2026 03:00 a.m.;25,91;0,00;0,00;999,47
2026-05-14 12:14:39;14/05/2026 06:00 a.m.;25,55;0,00;0,07;1.000,05
2026-05-14 12:14:39;14/05/2026 05:00 a.m.;24,93;0,00;0,00;999,75
2026-05-14 14:46:12;14/05/2026 08:00 a.m.;29,49;0,00;0,56;1.000,89
2026-05-14 14:46:12;14/05/2026 07:00 a.m.;26,81;0,00;0,32;1.000,56
2026-05-14 16:53:36;14/05/2026 10:00 a.m.;34,52;0,00;0,89;1.000,70
2026-05-14 16:53:36;14/05/2026 09:00 a.m.;32,27;0,00;0,76;1.000,96
2026-05-14 18:52:07;14/05/2026 12:00 p.m.;35,79;0,00;1,00;1.000,28
2026-05-14 18:52:07;14/05/2026 11:00 a.m.;35,28;0,00;0,98;1.000,64
2026-05-14 20:24:10;14/05/2026 01:00 p.m.;36,70;0,00;1,00;999,31
2026-05-14 21:43:05;14/05/2026 03:00 p.m.;34,75;0,00;1,02;998,17
2026-05-14 21:43:05;14/05/2026 02:00 p.m.;36,26;0,00;1,08;998,50
2026-05-14 22:42:52;14/05/2026 04:00 p.m.;34,27;0,00;0,49;998,14
2026-05-14 23:40:16;14/05/2026 05:00 p.m.;33,45;0,00;0,41;998,63
2026-05-15 01:30:50;14/05/2026 07:00 p.m.;31,49;0,00;0,00;999,67
2026-05-15 01:30:50;14/05/2026 06:00 p.m.;32,46;0,00;0,08;999,31
2026-05-15 05:36:11;14/05/2026 11:00 p.m.;28,79;0,00;0,00;1.001,15
2026-05-15 05:36:11;14/05/2026 10:00 p.m.;29,75;0,00;0,00;1.001,24
2026-05-15 05:36:11;14/05/2026 09:00 p.m.;30,07;0,00;0,00;1.000,81
2026-05-15 05:36:11;14/05/2026 08:00 p.m.;30,30;0,00;0,00;1.000,30
2026-05-15 08:27:33;15/05/2026 02:00 a.m.;27,31;0,00;0,00;999,68
2026-05-15 08:27:33;15/05/2026 01:00 a.m.;28,96;0,00;0,00;1.000,26
2026-05-15 08:27:33;15/05/2026 12:00 a.m.;28,65;0,00;0,00;1.001,03
2026-05-15 10:59:54;15/05/2026 04:00 a.m.;27,14;0,00;0,00;999,06
2026-05-15 10:59:54;15/05/2026 03:00 a.m.;26,56;0,00;0,00;999,00
2026-05-15 13:00:46;15/05/2026 06:00 a.m.;25,36;0,00;0,07;999,72
2026-05-15 13:00:46;15/05/2026 05:00 a.m.;27,14;0,00;0,00;999,17
2026-05-15 15:24:58;15/05/2026 09:00 a.m.;33,44;0,00;0,77;1.000,71
2026-05-15 15:24:58;15/05/2026 08:00 a.m.;31,51;0,00;0,56;1.000,72
2026-05-15 15:24:58;15/05/2026 07:00 a.m.;28,77;0,00;0,31;1.000,31
2026-05-15 17:08:55;15/05/2026 10:00 a.m.;34,48;0,00;0,91;1.000,65
2026-05-15 18:52:46;15/05/2026 12:00 p.m.;35,96;0,00;1,00;1.000,34
2026-05-15 18:52:46;15/05/2026 11:00 a.m.;35,30;0,00;0,99;1.000,59
2026-05-15 20:11:42;15/05/2026 01:00 p.m.;36,74;0,00;1,01;999,59
2026-05-15 21:19:34;15/05/2026 02:00 p.m.;37,06;0,00;0,96;998,81
2026-05-15 22:14:41;15/05/2026 04:00 p.m.;35,79;0,00;0,63;998,10
2026-05-15 22:14:41;15/05/2026 03:00 p.m.;36,58;0,00;0,80;998,28
2026-05-16 00:09:45;15/05/2026 05:00 p.m.;34,30;0,00;0,43;998,41
2026-05-16 04:02:07;15/05/2026 09:00 p.m.;30,34;0,00;0,00;1.000,83
2026-05-16 04:02:07;15/05/2026 08:00 p.m.;30,67;0,00;0,00;1.000,25
2026-05-16 04:02:07;15/05/2026 07:00 p.m.;31,23;0,00;0,00;999,49
2026-05-16 04:02:07;15/05/2026 06:00 p.m.;32,70;0,00;0,19;998,76
2026-05-16 06:30:35;16/05/2026 12:00 a.m.;29,38;0,00;0,00;1.000,95
2026-05-16 06:30:35;15/05/2026 11:00 p.m.;29,33;0,00;0,00;1.001,41
2026-05-16 06:30:35;15/05/2026 10:00 p.m.;29,89;0,00;0,00;1.000,93
2026-05-16 08:25:26;16/05/2026 02:00 a.m.;28,24;0,00;0,00;1.000,06
2026-05-16 08:25:26;16/05/2026 01:00 a.m.;28,18;0,00;0,00;1.000,69
2026-05-16 09:56:46;16/05/2026 03:00 a.m.;27,02;0,00;0,00;999,46
2026-05-16 11:05:05;16/05/2026 05:00 a.m.;25,82;0,00;0,00;999,65
2026-05-16 11:05:05;16/05/2026 04:00 a.m.;25,62;0,00;0,00;999,64
2026-05-16 13:54:14;16/05/2026 07:00 a.m.;26,68;0,00;0,32;1.000,69
2026-05-16 13:54:14;16/05/2026 06:00 a.m.;25,70;0,00;0,08;1.000,06
2026-05-16 14:54:47;16/05/2026 08:00 a.m.;30,10;0,00;0,57;1.001,28
2026-05-16 15:58:12;16/05/2026 09:00 a.m.;32,00;0,00;0,99;1.001,31
2026-05-16 17:08:29;16/05/2026 10:00 a.m.;33,71;0,00;1,15;1.001,25
2026-05-16 18:05:42;16/05/2026 11:00 a.m.;34,33;0,00;1,32;1.001,05
2026-05-16 19:21:15;16/05/2026 01:00 p.m.;35,18;0,00;1,31;999,79
2026-05-16 19:21:15;16/05/2026 12:00 p.m.;34,81;0,00;1,20;1.000,66
2026-05-16 21:04:46;16/05/2026 02:00 p.m.;35,36;0,00;1,15;998,92
2026-05-16 22:01:18;16/05/2026 03:00 p.m.;35,04;0,00;1,07;998,26
2026-05-16 23:00:26;16/05/2026 04:00 p.m.;33,68;0,00;0,74;997,69
2026-05-17 00:01:51;16/05/2026 05:00 p.m.;32,02;0,00;0,38;997,95
2026-05-17 04:15:56;16/05/2026 10:00 p.m.;29,86;0,00;0,00;1.000,62
2026-05-17 04:15:56;16/05/2026 09:00 p.m.;29,90;0,00;0,00;1.000,25
2026-05-17 04:15:56;16/05/2026 08:00 p.m.;30,23;0,00;0,00;999,39
2026-05-17 04:15:56;16/05/2026 07:00 p.m.;30,69;0,00;0,01;998,63
2026-05-17 04:15:56;16/05/2026 06:00 p.m.;31,26;0,00;0,14;998,13
2026-05-17 07:16:45;17/05/2026 01:00 a.m.;26,69;0,40;0,00;1.000,02
2026-05-17 07:16:45;17/05/2026 12:00 a.m.;27,20;0,20;0,00;1.000,88
2026-05-17 07:16:45;16/05/2026 11:00 p.m.;28,60;0,00;0,00;1.000,95
2026-05-17 09:15:18;17/05/2026 03:00 a.m.;27,51;0,00;0,00;998,83
2026-05-17 09:15:18;17/05/2026 02:00 a.m.;27,20;0,00;0,00;999,28
2026-05-17 10:41:52;17/05/2026 04:00 a.m.;26,52;0,00;0,00;999,00
2026-05-17 11:45:19;17/05/2026 05:00 a.m.;25,48;0,00;0,00;999,17
2026-05-17 12:42:53;17/05/2026 06:00 a.m.;25,18;0,00;0,04;999,39
2026-05-17 14:13:39;17/05/2026 07:00 a.m.;26,28;0,00;0,31;1.000,68
2026-05-17 15:29:47;17/05/2026 09:00 a.m.;31,23;0,00;0,87;1.001,28
2026-05-17 15:29:47;17/05/2026 08:00 a.m.;28,87;0,00;0,55;1.001,15
2026-05-17 16:32:04;17/05/2026 10:00 a.m.;32,92;0,00;1,00;1.001,44
2026-05-17 17:35:19;17/05/2026 11:00 a.m.;33,85;0,00;0,86;1.001,33
2026-05-17 18:40:48;17/05/2026 12:00 p.m.;34,56;0,00;1,13;1.000,74
2026-05-17 19:50:15;17/05/2026 01:00 p.m.;35,61;0,00;1,15;999,84
2026-05-17 20:37:08;17/05/2026 02:00 p.m.;35,60;0,00;1,11;999,12
2026-05-17 21:37:21;17/05/2026 03:00 p.m.;35,45;0,00;0,90;998,40
2026-05-17 22:34:58;17/05/2026 04:00 p.m.;34,15;0,00;0,59;998,17
2026-05-17 23:37:43;17/05/2026 05:00 p.m.;33,01;0,00;0,17;998,32
2026-05-18 01:34:29;17/05/2026 07:00 p.m.;30,77;0,00;0,00;999,85
2026-05-18 01:34:29;17/05/2026 06:00 p.m.;31,96;0,00;0,09;998,91
2026-05-18 05:52:59;17/05/2026 11:00 p.m.;29,37;0,00;0,00;1.001,46
2026-05-18 05:52:59;17/05/2026 10:00 p.m.;29,52;0,00;0,00;1.001,24
2026-05-18 05:52:59;17/05/2026 09:00 p.m.;29,78;0,00;0,00;1.000,93
2026-05-18 05:52:59;17/05/2026 08:00 p.m.;30,31;0,00;0,00;1.000,54
2026-05-18 09:50:21;18/05/2026 03:00 a.m.;29,07;0,00;0,00;999,56
2026-05-18 09:50:21;18/05/2026 02:00 a.m.;29,23;0,00;0,00;1.000,02
2026-05-18 09:50:21;18/05/2026 01:00 a.m.;29,14;0,00;0,00;1.000,71
2026-05-18 09:50:21;18/05/2026 12:00 a.m.;29,08;0,00;0,00;1.001,24
2026-05-18 12:58:25;18/05/2026 06:00 a.m.;26,93;0,00;0,09;999,24
2026-05-18 12:58:25;18/05/2026 05:00 a.m.;26,94;0,00;0,00;998,92
2026-05-18 12:58:25;18/05/2026 04:00 a.m.;28,06;0,00;0,00;998,94
2026-05-18 16:31:10;18/05/2026 10:00 a.m.;33,91;0,00;0,92;1.000,94
2026-05-18 16:31:10;18/05/2026 09:00 a.m.;32,29;0,00;0,75;1.000,73
2026-05-18 16:31:10;18/05/2026 08:00 a.m.;30,48;0,00;0,46;1.000,41
2026-05-18 16:31:10;18/05/2026 07:00 a.m.;28,54;0,00;0,33;999,90
2026-05-18 18:20:32;18/05/2026 12:00 p.m.;35,08;0,00;1,15;1.000,04
2026-05-18 18:20:32;18/05/2026 11:00 a.m.;35,04;0,00;1,12;1.000,66
2026-05-18 20:08:17;18/05/2026 01:00 p.m.;36,00;0,00;1,15;999,32
2026-05-18 21:37:18;18/05/2026 03:00 p.m.;36,16;0,00;0,80;997,78
2026-05-18 21:37:18;18/05/2026 02:00 p.m.;36,38;0,00;1,05;998,35
2026-05-18 22:37:33;18/05/2026 04:00 p.m.;35,72;0,00;0,63;997,52
2026-05-18 23:44:02;18/05/2026 05:00 p.m.;34,50;0,00;0,38;997,75
2026-05-19 01:50:35;18/05/2026 07:00 p.m.;31,73;0,00;0,00;998,65
2026-05-19 01:50:35;18/05/2026 06:00 p.m.;33,01;0,00;0,13;998,21
2026-05-19 05:56:14;18/05/2026 11:00 p.m.;29,94;0,00;0,00;1.000,44
2026-05-19 05:56:14;18/05/2026 10:00 p.m.;30,12;0,00;0,00;1.000,14
2026-05-19 05:56:14;18/05/2026 09:00 p.m.;30,43;0,00;0,00;999,83
2026-05-19 05:56:14;18/05/2026 08:00 p.m.;31,03;0,00;0,00;998,92
2026-05-19 09:51:37;19/05/2026 03:00 a.m.;27,06;0,00;0,00;999,12
2026-05-19 09:51:37;19/05/2026 02:00 a.m.;27,87;0,00;0,00;999,39
2026-05-19 09:51:37;19/05/2026 01:00 a.m.;28,92;0,00;0,00;1.000,07
2026-05-19 09:51:37;19/05/2026 12:00 a.m.;28,87;0,00;0,00;1.000,62
2026-05-19 12:33:56;19/05/2026 06:00 a.m.;27,04;0,00;0,04;999,01
2026-05-19 12:33:56;19/05/2026 05:00 a.m.;28,25;0,00;0,00;998,57
2026-05-19 12:33:56;19/05/2026 04:00 a.m.;27,69;0,00;0,00;998,77
2026-05-19 16:01:32;19/05/2026 09:00 a.m.;32,75;0,00;0,75;1.000,08
2026-05-19 16:01:32;19/05/2026 08:00 a.m.;31,75;0,00;0,56;1.000,34
2026-05-19 16:01:32;19/05/2026 07:00 a.m.;29,41;0,00;0,31;999,85
2026-05-19 18:12:48;19/05/2026 12:00 p.m.;35,39;0,00;1,14;999,74
2026-05-19 18:12:48;19/05/2026 11:00 a.m.;34,85;0,00;1,06;999,79
2026-05-19 18:12:48;19/05/2026 10:00 a.m.;33,94;0,00;0,91;1.000,05
2026-05-19 20:05:45;19/05/2026 02:00 p.m.;36,17;0,00;1,13;997,95
2026-05-19 20:05:45;19/05/2026 01:00 p.m.;36,20;0,00;1,17;998,81
2026-05-19 21:43:05;19/05/2026 03:00 p.m.;35,93;0,00;0,93;997,59
2026-05-19 22:50:22;19/05/2026 04:00 p.m.;35,20;0,00;0,67;997,58
2026-05-19 23:51:01;19/05/2026 05:00 p.m.;33,80;0,00;0,40;997,76
2026-05-20 02:03:44;19/05/2026 07:00 p.m.;30,92;0,00;0,00;998,69
2026-05-20 02:03:44;19/05/2026 06:00 p.m.;32,13;0,00;0,14;998,29
2026-05-20 06:17:53;20/05/2026 12:00 a.m.;28,54;0,00;0,00;999,76
2026-05-20 06:17:53;19/05/2026 11:00 p.m.;29,51;0,00;0,00;1.000,07
2026-05-20 06:17:53;19/05/2026 10:00 p.m.;29,96;0,00;0,00;999,91
2026-05-20 06:17:53;19/05/2026 09:00 p.m.;30,19;0,00;0,00;999,16
2026-05-20 06:17:53;19/05/2026 08:00 p.m.;30,16;0,00;0,00;998,97
2026-05-20 09:56:45;20/05/2026 03:00 a.m.;27,15;0,00;0,00;998,43
2026-05-20 09:56:45;20/05/2026 02:00 a.m.;28,07;0,00;0,00;998,44
2026-05-20 09:56:45;20/05/2026 01:00 a.m.;28,43;0,00;0,00;999,23
2026-05-20 12:28:11;20/05/2026 06:00 a.m.;26,44;0,00;0,07;998,80
2026-05-20 12:28:11;20/05/2026 05:00 a.m.;27,47;0,00;0,00;998,42
2026-05-20 12:28:11;20/05/2026 04:00 a.m.;27,36;0,00;0,00;998,32
2026-05-20 16:07:54;20/05/2026 09:00 a.m.;32,57;0,00;0,75;1.000,31
2026-05-20 16:07:54;20/05/2026 08:00 a.m.;30,67;0,00;0,53;999,81
2026-05-20 16:07:54;20/05/2026 07:00 a.m.;28,53;0,00;0,32;999,44
2026-05-20 18:30:59;20/05/2026 12:00 p.m.;35,39;0,00;1,02;999,53
2026-05-20 18:30:59;20/05/2026 11:00 a.m.;35,06;0,00;1,05;999,96
2026-05-20 18:30:59;20/05/2026 10:00 a.m.;34,58;0,00;0,97;999,79
2026-05-20 20:36:17;20/05/2026 02:00 p.m.;36,05;0,00;1,12;998,22
2026-05-20 20:36:17;20/05/2026 01:00 p.m.;36,05;0,00;1,16;999,21
2026-05-20 22:13:57;20/05/2026 04:00 p.m.;35,54;0,00;0,62;996,76
2026-05-20 22:13:57;20/05/2026 03:00 p.m.;35,85;0,00;0,86;997,42
2026-05-20 23:41:03;20/05/2026 05:00 p.m.;34,33;0,00;0,44;996,52
2026-05-21 01:34:56;20/05/2026 07:00 p.m.;30,93;0,00;0,00;998,31
2026-05-21 01:34:56;20/05/2026 06:00 p.m.;32,03;0,00;0,07;997,51
2026-05-21 05:52:15;20/05/2026 11:00 p.m.;28,67;0,00;0,00;999,50
2026-05-21 05:52:15;20/05/2026 10:00 p.m.;28,81;0,00;0,00;999,92
2026-05-21 05:52:15;20/05/2026 09:00 p.m.;29,47;0,00;0,00;999,71
2026-05-21 05:52:15;20/05/2026 08:00 p.m.;30,16;0,00;0,00;999,34
2026-05-21 08:59:28;21/05/2026 02:00 a.m.;28,64;0,00;0,00;998,09
2026-05-21 08:59:28;21/05/2026 01:00 a.m.;27,65;0,00;0,00;998,45
2026-05-21 08:59:28;21/05/2026 12:00 a.m.;28,76;0,00;0,00;998,89
2026-05-21 12:24:54;21/05/2026 05:00 a.m.;27,40;0,00;0,00;998,86
2026-05-21 12:24:54;21/05/2026 04:00 a.m.;28,31;0,00;0,00;998,39
2026-05-21 12:24:54;21/05/2026 03:00 a.m.;26,14;0,00;0,00;998,12
2026-05-21 15:56:01;21/05/2026 09:00 a.m.;32,91;0,00;0,79;1.000,23
2026-05-21 15:56:01;21/05/2026 08:00 a.m.;31,02;0,00;0,57;1.000,43
2026-05-21 15:56:01;21/05/2026 07:00 a.m.;29,61;0,00;0,34;999,91
2026-05-21 15:56:01;21/05/2026 06:00 a.m.;28,66;0,00;0,08;999,28
2026-05-21 18:01:15;21/05/2026 11:00 a.m.;34,67;0,00;1,04;999,71
2026-05-21 18:01:15;21/05/2026 10:00 a.m.;33,73;0,00;0,95;1.000,08
2026-05-21 20:06:42;21/05/2026 02:00 p.m.;36,44;0,00;1,01;999,08
2026-05-21 20:06:42;21/05/2026 01:00 p.m.;36,22;0,00;1,09;999,22
2026-05-21 20:06:42;21/05/2026 12:00 p.m.;35,62;0,00;1,05;999,11
2026-05-21 21:46:40;21/05/2026 03:00 p.m.;35,99;0,00;0,91;998,30
2026-05-21 22:54:45;21/05/2026 04:00 p.m.;35,93;0,00;0,68;998,00
2026-05-22 00:01:00;21/05/2026 05:00 p.m.;34,99;0,00;0,39;998,13
2026-05-22 04:23:50;21/05/2026 09:00 p.m.;29,87;0,00;0,00;1.001,18
2026-05-22 04:23:50;21/05/2026 08:00 p.m.;30,79;0,00;0,00;1.000,76
2026-05-22 04:23:50;21/05/2026 07:00 p.m.;31,54;0,00;0,00;1.000,44
2026-05-22 04:23:50;21/05/2026 06:00 p.m.;33,57;0,00;0,16;999,19
2026-05-22 07:57:57;22/05/2026 01:00 a.m.;27,71;0,00;0,00;1.000,06
2026-05-22 07:57:57;22/05/2026 12:00 a.m.;28,97;0,00;0,00;1.000,61
2026-05-22 07:57:57;21/05/2026 11:00 p.m.;28,97;0,00;0,00;1.000,76
2026-05-22 07:57:57;21/05/2026 10:00 p.m.;29,07;0,00;0,00;1.001,35
2026-05-22 10:57:03;22/05/2026 04:00 a.m.;26,14;0,00;0,00;999,13
2026-05-22 10:57:03;22/05/2026 03:00 a.m.;26,83;0,00;0,00;999,22
2026-05-22 10:57:03;22/05/2026 02:00 a.m.;26,98;0,00;0,00;999,50
2026-05-22 13:33:30;22/05/2026 07:00 a.m.;27,14;0,00;0,15;1.000,06
2026-05-22 13:33:30;22/05/2026 06:00 a.m.;25,88;0,00;0,05;999,81
2026-05-22 13:33:30;22/05/2026 05:00 a.m.;25,58;0,00;0,00;999,59
2026-05-22 16:03:34;22/05/2026 09:00 a.m.;31,70;0,00;0,53;1.001,29
2026-05-22 16:03:34;22/05/2026 08:00 a.m.;28,64;0,00;0,55;1.000,87
2026-05-22 18:01:10;22/05/2026 11:00 a.m.;33,54;0,00;0,72;1.001,09
2026-05-22 18:01:10;22/05/2026 10:00 a.m.;33,07;0,00;0,70;1.001,26
2026-05-22 20:02:40;22/05/2026 01:00 p.m.;35,37;0,00;1,26;999,59
2026-05-22 20:02:40;22/05/2026 12:00 p.m.;34,65;0,00;1,00;1.000,39
2026-05-22 21:20:50;22/05/2026 03:00 p.m.;36,53;0,00;0,79;998,12
2026-05-22 21:20:50;22/05/2026 02:00 p.m.;36,34;0,00;1,17;998,67
2026-05-22 22:32:05;22/05/2026 04:00 p.m.;34,91;0,00;0,60;998,11
2026-05-22 23:42:06;22/05/2026 05:00 p.m.;33,22;0,00;0,34;998,50
2026-05-23 01:27:36;22/05/2026 07:00 p.m.;30,93;0,00;0,00;999,87
2026-05-23 01:27:36;22/05/2026 06:00 p.m.;31,83;0,00;0,09;999,01
2026-05-23 05:08:03;22/05/2026 11:00 p.m.;28,71;0,00;0,00;1.002,33
2026-05-23 05:08:03;22/05/2026 10:00 p.m.;29,46;0,00;0,00;1.001,94
2026-05-23 05:08:03;22/05/2026 09:00 p.m.;29,66;0,00;0,00;1.001,20
2026-05-23 05:08:03;22/05/2026 08:00 p.m.;30,30;0,00;0,00;1.000,77
2026-05-23 07:42:03;23/05/2026 01:00 a.m.;27,87;0,00;0,00;1.001,40
2026-05-23 07:42:03;23/05/2026 12:00 a.m.;28,26;0,00;0,00;1.001,89
2026-05-23 09:27:18;23/05/2026 03:00 a.m.;26,77;0,00;0,00;1.000,66
2026-05-23 09:27:18;23/05/2026 02:00 a.m.;27,24;0,00;0,00;1.000,98
2026-05-23 11:59:03;23/05/2026 05:00 a.m.;26,59;0,00;0,00;1.000,39
2026-05-23 11:59:03;23/05/2026 04:00 a.m.;26,98;0,00;0,00;1.000,65
2026-05-23 13:57:31;23/05/2026 07:00 a.m.;27,93;0,00;0,26;1.000,76
2026-05-23 13:57:31;23/05/2026 06:00 a.m.;25,99;0,00;0,08;1.000,38
2026-05-23 15:07:09;23/05/2026 08:00 a.m.;29,98;0,00;0,56;1.000,80
2026-05-23 16:11:49;23/05/2026 10:00 a.m.;34,03;0,00;0,92;1.001,01
2026-05-23 16:11:49;23/05/2026 09:00 a.m.;32,05;0,00;0,70;1.001,00
2026-05-23 17:18:21;23/05/2026 11:00 a.m.;35,78;0,00;0,97;1.000,62
2026-05-23 19:39:15;23/05/2026 01:00 p.m.;36,86;0,00;1,18;999,46
2026-05-23 19:39:15;23/05/2026 12:00 p.m.;36,45;0,00;1,06;1.000,02
2026-05-23 20:30:38;23/05/2026 02:00 p.m.;35,79;0,00;1,26;999,11
2026-05-23 21:30:24;23/05/2026 03:00 p.m.;35,44;0,00;0,97;998,29
2026-05-23 23:33:33;23/05/2026 05:00 p.m.;32,74;0,00;0,56;999,55
2026-05-23 23:33:33;23/05/2026 04:00 p.m.;34,25;0,00;0,78;998,67
2026-05-24 01:33:14;23/05/2026 07:00 p.m.;30,53;0,00;0,01;1.000,65
2026-05-24 01:33:14;23/05/2026 06:00 p.m.;31,70;0,00;0,25;1.000,20
2026-05-24 05:44:07;23/05/2026 11:00 p.m.;29,16;0,00;0,00;1.001,38
2026-05-24 05:44:07;23/05/2026 10:00 p.m.;29,35;0,00;0,00;1.001,83
2026-05-24 05:44:07;23/05/2026 09:00 p.m.;29,40;0,00;0,00;1.001,64
2026-05-24 05:44:07;23/05/2026 08:00 p.m.;29,79;0,00;0,00;1.001,26
2026-05-24 08:08:42;24/05/2026 02:00 a.m.;27,32;0,00;0,00;998,76
2026-05-24 08:08:42;24/05/2026 01:00 a.m.;28,26;0,00;0,00;999,47
2026-05-24 08:08:42;24/05/2026 12:00 a.m.;28,62;0,00;0,00;1.000,56
2026-05-24 10:08:47;24/05/2026 04:00 a.m.;27,05;0,00;0,00;998,18
2026-05-24 10:08:47;24/05/2026 03:00 a.m.;27,45;0,00;0,00;998,13
2026-05-24 11:41:51;24/05/2026 05:00 a.m.;28,21;0,00;0,00;998,21
2026-05-24 12:47:33;24/05/2026 06:00 a.m.;27,38;0,00;0,07;998,67
2026-05-24 14:15:55;24/05/2026 07:00 a.m.;29,88;0,00;0,26;999,22
2026-05-24 15:37:47;24/05/2026 09:00 a.m.;33,30;0,00;0,85;999,93
2026-05-24 15:37:47;24/05/2026 08:00 a.m.;32,14;0,00;0,57;999,51
2026-05-24 16:41:45;24/05/2026 10:00 a.m.;34,01;0,00;1,15;1.000,14
2026-05-24 17:42:59;24/05/2026 11:00 a.m.;33,13;0,00;1,21;1.000,35
2026-05-24 18:49:50;24/05/2026 12:00 p.m.;34,14;0,00;1,25;999,66
2026-05-24 19:57:45;24/05/2026 01:00 p.m.;35,00;0,00;1,23;998,56
2026-05-24 21:04:06;24/05/2026 03:00 p.m.;34,41;0,00;1,06;997,53
2026-05-24 21:04:06;24/05/2026 02:00 p.m.;35,81;0,00;1,14;997,83
2026-05-24 22:07:25;24/05/2026 04:00 p.m.;33,68;0,00;0,67;997,31
2026-05-24 23:12:54;24/05/2026 05:00 p.m.;34,24;0,00;0,47;997,13
2026-05-25 00:14:45;24/05/2026 06:00 p.m.;32,32;0,00;0,07;997,67
2026-05-25 04:55:33;24/05/2026 10:00 p.m.;29,60;0,00;0,00;1.000,03
2026-05-25 04:55:33;24/05/2026 09:00 p.m.;30,07;0,00;0,00;999,60
2026-05-25 04:55:33;24/05/2026 08:00 p.m.;30,58;0,00;0,00;998,55
2026-05-25 04:55:33;24/05/2026 07:00 p.m.;31,20;0,00;0,00;997,98
2026-05-25 08:57:32;25/05/2026 02:00 a.m.;29,23;0,00;0,00;997,88
2026-05-25 08:57:32;25/05/2026 01:00 a.m.;29,20;0,00;0,00;998,68
2026-05-25 08:57:32;25/05/2026 12:00 a.m.;29,27;0,00;0,00;999,32
2026-05-25 08:57:32;24/05/2026 11:00 p.m.;29,40;0,00;0,00;999,82
2026-05-25 12:37:12;25/05/2026 06:00 a.m.;29,06;0,00;0,05;997,90
2026-05-25 12:37:12;25/05/2026 05:00 a.m.;29,18;0,00;0,00;997,49
2026-05-25 12:37:12;25/05/2026 04:00 a.m.;29,26;0,00;0,00;997,40
2026-05-25 12:37:12;25/05/2026 03:00 a.m.;29,15;0,00;0,00;997,61
2026-05-25 15:40:32;25/05/2026 09:00 a.m.;31,64;0,00;0,49;999,60
2026-05-25 15:40:32;25/05/2026 08:00 a.m.;30,56;0,00;0,33;999,09
2026-05-25 15:40:32;25/05/2026 07:00 a.m.;28,87;0,00;0,20;998,69
2026-05-25 17:23:33;25/05/2026 11:00 a.m.;33,66;0,00;0,75;1.000,18
2026-05-25 17:23:33;25/05/2026 10:00 a.m.;32,87;0,00;0,75;1.000,09
2026-05-25 18:58:42;25/05/2026 12:00 p.m.;34,71;0,00;0,83;999,32
2026-05-25 20:25:05;25/05/2026 02:00 p.m.;36,08;0,00;0,80;997,84
2026-05-25 20:25:05;25/05/2026 01:00 p.m.;35,77;0,00;0,92;998,59
2026-05-25 21:44:22;25/05/2026 03:00 p.m.;35,87;0,00;0,70;996,96
2026-05-25 22:44:51;25/05/2026 04:00 p.m.;35,17;0,00;0,38;996,57
2026-05-25 23:49:32;25/05/2026 05:00 p.m.;33,82;0,00;0,19;996,64
2026-05-26 01:48:06;25/05/2026 07:00 p.m.;30,51;0,00;0,00;997,90
2026-05-26 01:48:06;25/05/2026 06:00 p.m.;31,68;0,00;0,07;997,28
2026-05-26 05:53:54;25/05/2026 11:00 p.m.;29,27;0,00;0,00;998,77
2026-05-26 05:53:54;25/05/2026 10:00 p.m.;29,29;0,00;0,00;998,77
2026-05-26 05:53:54;25/05/2026 09:00 p.m.;29,54;0,00;0,00;998,75
2026-05-26 05:53:54;25/05/2026 08:00 p.m.;29,93;0,00;0,00;998,47
2026-05-26 09:47:35;26/05/2026 03:00 a.m.;27,98;0,00;0,00;997,26
2026-05-26 09:47:35;26/05/2026 02:00 a.m.;28,75;0,00;0,00;997,64
2026-05-26 09:47:35;26/05/2026 01:00 a.m.;28,97;0,00;0,00;997,84
2026-05-26 09:47:35;26/05/2026 12:00 a.m.;29,13;0,00;0,00;998,14
2026-05-26 16:29:05;26/05/2026 10:00 a.m.;34,59;0,00;1,05;999,62
2026-05-26 16:29:05;26/05/2026 09:00 a.m.;31,83;0,00;0,79;999,31
2026-05-26 16:29:05;26/05/2026 08:00 a.m.;30,04;0,00;0,57;998,97
2026-05-26 16:29:05;26/05/2026 07:00 a.m.;27,65;0,00;0,32;998,68
2026-05-26 16:29:05;26/05/2026 06:00 a.m.;26,11;0,00;0,07;998,12
2026-05-26 16:29:05;26/05/2026 05:00 a.m.;26,41;0,00;0,00;997,95
2026-05-26 16:29:05;26/05/2026 04:00 a.m.;26,51;0,00;0,00;997,58
2026-05-26 19:02:33;26/05/2026 11:00 a.m.;34,57;0,00;0,88;999,61
2026-05-26 20:58:26;26/05/2026 02:00 p.m.;35,88;0,00;1,13;997,46
2026-05-26 20:58:26;26/05/2026 01:00 p.m.;36,24;0,00;1,20;997,98
2026-05-26 20:58:26;26/05/2026 12:00 p.m.;35,19;0,00;1,02;998,85
2026-05-26 22:25:54;26/05/2026 04:00 p.m.;32,06;0,00;0,12;997,02
2026-05-26 22:25:54;26/05/2026 03:00 p.m.;34,28;0,00;0,99;997,24
2026-05-26 23:40:55;26/05/2026 05:00 p.m.;29,98;0,00;0,05;997,44
2026-05-27 01:52:26;26/05/2026 07:00 p.m.;28,75;0,00;0,00;999,00
2026-05-27 01:52:26;26/05/2026 06:00 p.m.;29,28;0,00;0,02;998,26
2026-05-27 06:12:57;26/05/2026 11:00 p.m.;26,93;0,00;0,00;1.000,32
2026-05-27 06:12:57;26/05/2026 10:00 p.m.;27,47;0,00;0,00;1.000,41
2026-05-27 06:12:57;26/05/2026 09:00 p.m.;28,04;0,00;0,00;1.000,41
2026-05-27 06:12:57;26/05/2026 08:00 p.m.;28,59;0,00;0,00;999,91
2026-05-27 10:31:50;27/05/2026 04:00 a.m.;26,13;0,00;0,00;997,33
2026-05-27 10:31:50;27/05/2026 03:00 a.m.;26,27;0,00;0,00;997,35
2026-05-27 10:31:50;27/05/2026 02:00 a.m.;25,88;0,00;0,00;997,87
2026-05-27 10:31:50;27/05/2026 01:00 a.m.;26,56;0,00;0,00;998,61
2026-05-27 10:31:50;27/05/2026 12:00 a.m.;26,70;0,00;0,00;999,66
2026-05-27 13:59:50;27/05/2026 07:00 a.m.;27,14;0,00;0,31;999,03
2026-05-27 13:59:50;27/05/2026 06:00 a.m.;25,88;0,00;0,04;998,17
2026-05-27 13:59:50;27/05/2026 05:00 a.m.;25,55;0,00;0,00;997,75
2026-05-27 17:27:25;27/05/2026 11:00 a.m.;35,13;0,00;1,31;998,71
2026-05-27 17:27:25;27/05/2026 10:00 a.m.;33,96;0,00;0,98;999,49
2026-05-27 17:27:25;27/05/2026 09:00 a.m.;31,32;0,00;0,96;999,72
2026-05-27 17:27:25;27/05/2026 08:00 a.m.;29,37;0,00;0,58;999,49
2026-05-27 19:37:36;27/05/2026 01:00 p.m.;36,52;0,00;1,27;997,44
2026-05-27 19:37:36;27/05/2026 12:00 p.m.;36,50;0,00;1,03;998,05
2026-05-27 21:26:14;27/05/2026 03:00 p.m.;34,80;0,00;0,89;996,44
2026-05-27 21:26:14;27/05/2026 02:00 p.m.;35,67;0,00;0,95;996,91
2026-05-27 22:56:59;27/05/2026 04:00 p.m.;34,03;0,00;0,76;996,42
2026-05-28 00:03:56;27/05/2026 06:00 p.m.;28,12;0,00;0,12;997,68
2026-05-28 00:03:56;27/05/2026 05:00 p.m.;28,69;0,40;0,12;996,94
2026-05-28 04:35:41;27/05/2026 10:00 p.m.;26,62;0,60;0,00;1.000,59
2026-05-28 04:35:41;27/05/2026 09:00 p.m.;26,77;0,20;0,00;1.000,38
2026-05-28 04:35:41;27/05/2026 08:00 p.m.;27,54;0,00;0,00;999,37
2026-05-28 04:35:41;27/05/2026 07:00 p.m.;27,63;0,00;0,01;998,75
2026-05-28 08:28:59;28/05/2026 02:00 a.m.;25,49;0,00;0,00;998,85
2026-05-28 08:28:59;28/05/2026 01:00 a.m.;25,81;0,00;0,00;1.000,04
2026-05-28 08:28:59;28/05/2026 12:00 a.m.;25,87;0,00;0,00;1.000,53
2026-05-28 08:28:59;27/05/2026 11:00 p.m.;26,33;0,60;0,00;1.000,39
2026-05-28 11:59:30;28/05/2026 05:00 a.m.;24,86;0,00;0,00;999,02
2026-05-28 11:59:30;28/05/2026 04:00 a.m.;25,03;0,00;0,00;998,36
2026-05-28 11:59:30;28/05/2026 03:00 a.m.;25,17;0,00;0,00;997,99
2026-05-28 16:21:20;28/05/2026 09:00 a.m.;30,23;0,00;0,71;1.000,79
2026-05-28 16:21:20;28/05/2026 08:00 a.m.;28,40;0,00;0,62;1.000,30
2026-05-28 16:21:20;28/05/2026 07:00 a.m.;26,52;0,00;0,42;999,74
2026-05-28 16:21:20;28/05/2026 06:00 a.m.;26,15;0,00;0,05;999,59
2026-05-28 19:07:31;28/05/2026 01:00 p.m.;34,05;0,00;0,79;999,57
2026-05-28 19:07:31;28/05/2026 12:00 p.m.;33,88;0,00;1,12;999,65
2026-05-28 19:07:31;28/05/2026 11:00 a.m.;33,04;0,00;0,64;999,95
2026-05-28 19:07:31;28/05/2026 10:00 a.m.;31,56;0,00;0,62;1.000,62
2026-05-28 21:18:27;28/05/2026 03:00 p.m.;33,56;0,00;0,74;997,75
2026-05-28 21:18:27;28/05/2026 02:00 p.m.;34,59;0,00;0,86;998,65
2026-05-28 22:48:19;28/05/2026 04:00 p.m.;34,08;0,00;0,66;997,18
2026-05-28 23:57:59;28/05/2026 05:00 p.m.;34,17;0,00;0,30;997,12
2026-05-29 04:21:31;28/05/2026 10:00 p.m.;27,88;0,00;0,00;1.001,26
2026-05-29 04:21:31;28/05/2026 09:00 p.m.;28,17;0,00;0,00;1.000,55
2026-05-29 04:21:31;28/05/2026 08:00 p.m.;28,97;0,00;0,00;999,83
2026-05-29 04:21:31;28/05/2026 07:00 p.m.;30,67;0,00;0,01;998,88
2026-05-29 04:21:31;28/05/2026 06:00 p.m.;32,87;0,00;0,27;998,05
2026-05-29 08:12:48;29/05/2026 02:00 a.m.;26,31;0,00;0,00;1.000,08
2026-05-29 08:12:48;29/05/2026 01:00 a.m.;27,00;0,00;0,00;1.001,12
2026-05-29 08:12:48;29/05/2026 12:00 a.m.;27,94;0,00;0,00;1.002,22
2026-05-29 08:12:48;28/05/2026 11:00 p.m.;28,00;0,00;0,00;1.002,51
2026-05-29 11:41:55;29/05/2026 05:00 a.m.;24,94;0,60;0,00;1.000,28
2026-05-29 11:41:55;29/05/2026 04:00 a.m.;25,61;0,00;0,00;999,94
2026-05-29 11:41:55;29/05/2026 03:00 a.m.;26,09;0,00;0,00;999,24
2026-05-29 14:24:27;29/05/2026 08:00 a.m.;26,74;0,00;0,33;1.002,05
2026-05-29 14:24:27;29/05/2026 07:00 a.m.;25,35;0,00;0,17;1.001,02
2026-05-29 14:24:27;29/05/2026 06:00 a.m.;24,98;0,00;0,02;1.000,13
2026-05-29 17:48:51;29/05/2026 11:00 a.m.;31,72;0,00;1,39;1.001,97
2026-05-29 17:48:51;29/05/2026 10:00 a.m.;29,70;0,00;0,86;1.002,43
2026-05-29 17:48:51;29/05/2026 09:00 a.m.;28,10;0,00;0,42;1.002,28
2026-05-29 20:00:45;29/05/2026 01:00 p.m.;33,97;0,00;1,19;1.000,04
2026-05-29 20:00:45;29/05/2026 12:00 p.m.;33,13;0,00;1,23;1.001,06
2026-05-29 22:00:49;29/05/2026 03:00 p.m.;31,28;0,00;0,74;998,22
2026-05-29 22:00:49;29/05/2026 02:00 p.m.;32,94;0,00;0,95;999,16
2026-05-29 23:23:56;29/05/2026 05:00 p.m.;32,84;0,00;0,33;998,51
2026-05-29 23:23:56;29/05/2026 04:00 p.m.;31,77;0,00;0,53;997,97
2026-05-30 01:27:17;29/05/2026 07:00 p.m.;28,65;1,60;0,00;1.000,80
2026-05-30 01:27:17;29/05/2026 06:00 p.m.;31,35;0,00;0,04;999,80
2026-05-30 05:28:30;29/05/2026 11:00 p.m.;25,39;0,00;0,00;1.002,13
2026-05-30 05:28:30;29/05/2026 10:00 p.m.;25,75;0,00;0,00;1.002,11
2026-05-30 05:28:30;29/05/2026 09:00 p.m.;26,46;0,00;0,00;1.002,01
2026-05-30 05:28:30;29/05/2026 08:00 p.m.;26,79;0,40;0,00;1.001,57
2026-05-30 08:03:45;30/05/2026 02:00 a.m.;25,00;0,00;0,00;1.000,37
2026-05-30 08:03:45;30/05/2026 01:00 a.m.;25,11;0,00;0,00;1.001,03
2026-05-30 08:03:45;30/05/2026 12:00 a.m.;25,19;0,00;0,00;1.001,72
2026-05-30 10:11:05;30/05/2026 04:00 a.m.;24,83;0,00;0,00;1.000,07
2026-05-30 10:11:05;30/05/2026 03:00 a.m.;24,94;0,00;0,00;1.000,10
2026-05-30 11:45:03;30/05/2026 05:00 a.m.;24,43;0,00;0,00;1.000,00
2026-05-30 12:51:27;30/05/2026 06:00 a.m.;24,19;0,00;0,11;1.000,55
2026-05-30 14:23:36;30/05/2026 08:00 a.m.;27,89;0,00;0,55;1.002,37
2026-05-30 14:23:36;30/05/2026 07:00 a.m.;25,74;0,00;0,33;1.001,67
2026-05-30 15:45:03;30/05/2026 09:00 a.m.;29,85;0,20;0,73;1.002,59
2026-05-30 16:45:46;30/05/2026 10:00 a.m.;32,15;0,00;1,02;1.002,90
2026-05-30 17:49:19;30/05/2026 11:00 a.m.;33,59;0,00;1,11;1.002,09
2026-05-30 18:52:54;30/05/2026 12:00 p.m.;34,66;0,00;0,99;1.001,40
2026-05-30 20:04:32;30/05/2026 02:00 p.m.;33,94;0,00;1,01;999,86
2026-05-30 20:04:32;30/05/2026 01:00 p.m.;34,87;0,00;0,97;1.000,62
2026-05-30 21:12:31;30/05/2026 03:00 p.m.;32,48;0,00;0,90;999,54
2026-05-30 22:14:22;30/05/2026 04:00 p.m.;29,09;5,00;0,14;999,97
2026-05-30 23:17:27;30/05/2026 05:00 p.m.;26,67;10,20;0,04;1.000,76
2026-05-31 01:32:37;30/05/2026 07:00 p.m.;27,01;0,00;0,00;1.001,47
2026-05-31 01:32:37;30/05/2026 06:00 p.m.;26,92;0,00;0,02;1.000,63
2026-05-31 05:59:27;30/05/2026 11:00 p.m.;26,30;0,00;0,00;1.002,64
2026-05-31 05:59:27;30/05/2026 10:00 p.m.;26,37;0,00;0,00;1.002,83
2026-05-31 05:59:27;30/05/2026 09:00 p.m.;26,52;0,00;0,00;1.002,61
2026-05-31 05:59:27;30/05/2026 08:00 p.m.;27,02;0,00;0,00;1.002,04
2026-05-31 09:17:26;31/05/2026 03:00 a.m.;25,47;0,00;0,00;1.000,83
2026-05-31 09:17:26;31/05/2026 02:00 a.m.;25,75;0,00;0,00;1.001,30
2026-05-31 09:17:26;31/05/2026 01:00 a.m.;25,79;0,00;0,00;1.002,00
2026-05-31 09:17:26;31/05/2026 12:00 a.m.;26,05;0,00;0,00;1.002,28
2026-05-31 11:11:14;31/05/2026 05:00 a.m.;24,94;0,00;0,00;1.000,88
2026-05-31 11:11:14;31/05/2026 04:00 a.m.;25,21;0,00;0,00;1.000,81
2026-05-31 12:47:41;31/05/2026 06:00 a.m.;24,82;0,00;0,10;1.001,33
2026-05-31 14:23:02;31/05/2026 08:00 a.m.;27,77;0,00;0,54;1.002,08
2026-05-31 14:23:02;31/05/2026 07:00 a.m.;25,66;0,00;0,35;1.001,73
2026-05-31 15:46:35;31/05/2026 09:00 a.m.;29,77;0,00;0,73;1.002,46
2026-05-31 16:48:56;31/05/2026 10:00 a.m.;31,65;0,00;0,92;1.002,31
2026-05-31 17:49:45;31/05/2026 11:00 a.m.;33,56;0,00;1,13;1.001,57
2026-05-31 18:56:45;31/05/2026 12:00 p.m.;34,23;0,00;1,24;1.000,79
2026-05-31 20:14:29;31/05/2026 02:00 p.m.;33,40;0,00;1,15;999,39
2026-05-31 20:14:29;31/05/2026 01:00 p.m.;33,96;0,00;1,24;1.000,15
2026-05-31 21:16:48;31/05/2026 03:00 p.m.;33,26;0,00;1,06;998,81
2026-05-31 22:17:42;31/05/2026 04:00 p.m.;33,57;0,00;0,65;998,11
2026-05-31 23:34:33;31/05/2026 05:00 p.m.;32,67;0,00;0,43;998,02
2026-06-01 01:57:20;31/05/2026 07:00 p.m.;30,36;0,00;0,01;999,13
2026-06-01 01:57:20;31/05/2026 06:00 p.m.;31,34;0,00;0,13;998,59
2026-06-01 07:06:32;01/06/2026 01:00 a.m.;27,80;0,00;0,00;1.000,50
2026-06-01 07:06:32;01/06/2026 12:00 a.m.;27,56;0,00;0,00;1.001,22
2026-06-01 07:06:32;31/05/2026 11:00 p.m.;27,98;0,00;0,00;1.001,67
2026-06-01 07:06:32;31/05/2026 10:00 p.m.;29,09;0,00;0,00;1.001,65
2026-06-01 07:06:32;31/05/2026 09:00 p.m.;28,69;0,00;0,00;1.001,17
2026-06-01 07:06:32;31/05/2026 08:00 p.m.;29,84;0,00;0,00;1.000,27
2026-06-01 12:48:37;01/06/2026 06:00 a.m.;25,44;0,00;0,10;999,81
2026-06-01 12:48:37;01/06/2026 05:00 a.m.;25,36;0,00;0,00;999,85
2026-06-01 12:48:37;01/06/2026 04:00 a.m.;25,78;0,00;0,00;999,88
2026-06-01 12:48:37;01/06/2026 03:00 a.m.;26,34;0,00;0,00;999,82
2026-06-01 12:48:37;01/06/2026 02:00 a.m.;26,79;0,00;0,00;999,98
2026-06-01 18:31:19;01/06/2026 12:00 p.m.;35,16;0,00;1,00;1.000,17
2026-06-01 18:31:19;01/06/2026 11:00 a.m.;34,57;0,00;1,20;1.000,86
2026-06-01 18:31:19;01/06/2026 10:00 a.m.;33,77;0,00;1,03;1.001,36
2026-06-01 18:31:19;01/06/2026 09:00 a.m.;31,61;0,00;0,89;1.001,84
2026-06-01 18:31:19;01/06/2026 08:00 a.m.;29,59;0,00;0,56;1.001,47
2026-06-01 18:31:19;01/06/2026 07:00 a.m.;27,14;0,00;0,32;1.000,86
2026-06-01 21:52:03;01/06/2026 03:00 p.m.;36,05;0,00;0,78;997,34
2026-06-01 21:52:03;01/06/2026 02:00 p.m.;35,65;0,00;0,98;998,10
2026-06-01 21:52:03;01/06/2026 01:00 p.m.;35,63;0,00;1,04;999,01
2026-06-01 23:22:00;01/06/2026 05:00 p.m.;34,45;0,00;0,39;996,86
2026-06-01 23:22:00;01/06/2026 04:00 p.m.;35,46;0,00;0,63;996,85
2026-06-02 01:42:45;01/06/2026 07:00 p.m.;31,16;0,00;0,00;998,42
2026-06-02 01:42:45;01/06/2026 06:00 p.m.;32,66;0,00;0,17;997,44
2026-06-02 06:23:29;01/06/2026 11:00 p.m.;29,37;0,00;0,00;1.000,56
2026-06-02 06:23:29;01/06/2026 10:00 p.m.;29,41;0,00;0,00;1.000,53
2026-06-02 06:23:29;01/06/2026 09:00 p.m.;29,77;0,00;0,00;999,88
2026-06-02 06:23:29;01/06/2026 08:00 p.m.;30,40;0,00;0,00;999,30
2026-06-02 11:02:44;02/06/2026 04:00 a.m.;26,90;0,00;0,00;998,73
2026-06-02 11:02:44;02/06/2026 03:00 a.m.;27,38;0,00;0,00;999,50
2026-06-02 11:02:44;02/06/2026 02:00 a.m.;27,40;0,00;0,00;999,94
2026-06-02 11:02:44;02/06/2026 01:00 a.m.;28,75;0,00;0,00;1.000,14
2026-06-02 11:02:44;02/06/2026 12:00 a.m.;29,22;0,00;0,00;1.000,52
2026-06-02 15:03:58;02/06/2026 08:00 a.m.;30,02;0,00;0,60;1.000,14
2026-06-02 15:03:58;02/06/2026 07:00 a.m.;28,12;0,00;0,40;999,52
2026-06-02 15:03:58;02/06/2026 06:00 a.m.;26,26;0,00;0,04;998,95
2026-06-02 15:03:58;02/06/2026 05:00 a.m.;25,72;0,00;0,00;998,78
2026-06-02 18:51:29;02/06/2026 12:00 p.m.;31,33;0,00;0,44;1.000,24
2026-06-02 18:51:29;02/06/2026 11:00 a.m.;32,94;0,00;0,65;1.000,84
2026-06-02 18:51:29;02/06/2026 10:00 a.m.;33,42;0,00;0,83;1.000,89
2026-06-02 18:51:29;02/06/2026 09:00 a.m.;31,19;0,00;0,74;1.001,05
2026-06-02 21:40:49;02/06/2026 03:00 p.m.;34,91;0,00;0,56;997,83
2026-06-02 21:40:49;02/06/2026 02:00 p.m.;34,77;0,00;0,84;998,81
2026-06-02 21:40:49;02/06/2026 01:00 p.m.;33,48;0,00;0,89;999,31
2026-06-02 23:21:26;02/06/2026 05:00 p.m.;34,31;0,00;0,29;997,56
2026-06-02 23:21:26;02/06/2026 04:00 p.m.;35,09;0,00;0,45;997,55
2026-06-03 02:04:07;02/06/2026 08:00 p.m.;30,35;0,00;0,00;999,02
2026-06-03 02:04:07;02/06/2026 07:00 p.m.;30,82;0,00;0,00;998,26
2026-06-03 02:04:07;02/06/2026 06:00 p.m.;32,31;0,00;0,11;997,99
2026-06-03 07:04:23;03/06/2026 12:00 a.m.;28,83;0,00;0,00;1.000,60
2026-06-03 07:04:23;02/06/2026 11:00 p.m.;29,07;0,00;0,00;1.000,38
2026-06-03 07:04:23;02/06/2026 10:00 p.m.;29,62;0,00;0,00;1.000,04
2026-06-03 07:04:23;02/06/2026 09:00 p.m.;30,16;0,00;0,00;999,23
2026-06-03 12:05:02;03/06/2026 06:00 a.m.;26,88;0,00;0,05;1.000,03
2026-06-03 12:05:02;03/06/2026 05:00 a.m.;26,32;0,00;0,00;999,68
2026-06-03 12:05:02;03/06/2026 04:00 a.m.;26,75;0,00;0,00;999,53
2026-06-03 12:05:02;03/06/2026 03:00 a.m.;26,77;0,00;0,00;999,73
2026-06-03 12:05:02;03/06/2026 02:00 a.m.;27,59;0,00;0,00;1.000,04
2026-06-03 12:05:02;03/06/2026 01:00 a.m.;28,27;0,00;0,00;1.000,42
2026-06-03 17:12:34;03/06/2026 10:00 a.m.;30,20;0,80;0,26;1.002,13
2026-06-03 17:12:34;03/06/2026 09:00 a.m.;29,08;0,00;0,27;1.001,69
2026-06-03 17:12:34;03/06/2026 08:00 a.m.;28,18;0,00;0,21;1.001,05
2026-06-03 17:12:34;03/06/2026 07:00 a.m.;27,08;0,00;0,14;1.000,77
2026-06-03 20:28:34;03/06/2026 02:00 p.m.;30,55;0,00;0,24;1.000,69
2026-06-03 20:28:34;03/06/2026 01:00 p.m.;30,73;0,00;0,42;1.001,26
2026-06-03 20:28:34;03/06/2026 12:00 p.m.;30,65;0,00;0,24;1.001,82
2026-06-03 20:28:34;03/06/2026 11:00 a.m.;30,62;0,00;0,35;1.002,06
2026-06-03 22:38:24;03/06/2026 03:00 p.m.;29,99;0,00;0,28;1.000,66
2026-06-04 00:20:11;03/06/2026 06:00 p.m.;28,41;0,00;0,03;1.001,49
2026-06-04 00:20:11;03/06/2026 05:00 p.m.;29,34;0,00;0,09;1.001,13
2026-06-04 00:20:11;03/06/2026 04:00 p.m.;29,61;0,00;0,10;1.000,44
2026-06-04 05:15:01;03/06/2026 11:00 p.m.;25,86;0,00;0,00;
2026-06-04 05:15:01;03/06/2026 10:00 p.m.;26,40;0,00;0,00;1.003,55
2026-06-04 05:15:01;03/06/2026 09:00 p.m.;27,06;0,00;0,00;1.002,74
2026-06-04 05:15:01;03/06/2026 08:00 p.m.;28,01;0,00;0,00;1.002,76
2026-06-04 05:15:01;03/06/2026 07:00 p.m.;28,45;0,00;0,00;1.001,79
2026-06-04 09:04:33;04/06/2026 02:00 a.m.;24,89;0,00;0,00;
2026-06-04 09:04:33;04/06/2026 01:00 a.m.;25,46;0,00;0,00;1.002,77
2026-06-04 09:04:33;04/06/2026 12:00 a.m.;25,64;0,00;0,00;
2026-06-04 12:14:00;04/06/2026 06:00 a.m.;23,86;0,00;0,12;1.001,63
2026-06-04 12:14:00;04/06/2026 05:00 a.m.;24,21;0,00;0,00;1.001,57
2026-06-04 12:14:00;04/06/2026 04:00 a.m.;24,50;0,00;0,00;1.001,59
2026-06-04 12:14:00;04/06/2026 03:00 a.m.;24,49;0,00;0,00;1.001,73
2026-06-04 15:47:43;04/06/2026 09:00 a.m.;29,71;0,00;0,72;1.002,68
2026-06-04 15:47:43;04/06/2026 08:00 a.m.;27,66;0,00;0,52;1.002,60
2026-06-04 15:47:43;04/06/2026 07:00 a.m.;25,69;0,00;0,30;1.002,19
2026-06-04 18:03:30;04/06/2026 12:00 p.m.;32,74;0,00;0,82;1.001,54
2026-06-04 18:03:30;04/06/2026 11:00 a.m.;32,84;0,00;1,01;1.001,99
2026-06-04 18:03:30;04/06/2026 10:00 a.m.;31,75;0,00;1,00;1.002,42
2026-06-04 20:19:00;04/06/2026 02:00 p.m.;26,00;39,00;0,10;1.002,06
2026-06-04 20:19:00;04/06/2026 01:00 p.m.;30,86;1,40;0,66;1.001,29
2026-06-04 21:56:57;04/06/2026 03:00 p.m.;25,99;0,20;0,10;1.001,05
2026-06-04 23:12:27;04/06/2026 05:00 p.m.;24,54;4,20;0,01;1.001,78
2026-06-04 23:12:27;04/06/2026 04:00 p.m.;25,41;3,80;0,06;1.001,52
2026-06-05 01:31:11;04/06/2026 07:00 p.m.;24,65;1,40;0,00;1.002,23
2026-06-05 01:31:11;04/06/2026 06:00 p.m.;24,57;3,20;0,00;1.002,01
2026-06-05 06:03:55;05/06/2026 12:00 a.m.;24,25;0,00;0,00;1.003,39
2026-06-05 06:03:55;04/06/2026 11:00 p.m.;24,31;0,00;0,00;1.003,24
2026-06-05 06:03:55;04/06/2026 10:00 p.m.;24,36;0,20;0,00;1.003,48
2026-06-05 06:03:55;04/06/2026 09:00 p.m.;24,54;0,20;0,00;1.003,43
2026-06-05 06:03:55;04/06/2026 08:00 p.m.;24,61;0,40;0,00;
2026-06-05 10:12:03;05/06/2026 04:00 a.m.;24,34;0,00;0,00;1.001,42
2026-06-05 10:12:03;05/06/2026 03:00 a.m.;24,31;0,00;0,00;1.001,73
2026-06-05 10:12:03;05/06/2026 02:00 a.m.;24,32;0,00;0,00;1.002,00
2026-06-05 10:12:03;05/06/2026 01:00 a.m.;24,30;0,00;0,00;1.002,86
2026-06-05 13:25:58;05/06/2026 07:00 a.m.;25,09;0,00;0,33;1.002,54
2026-06-05 13:25:58;05/06/2026 06:00 a.m.;24,20;0,00;0,06;1.001,79
2026-06-05 13:25:58;05/06/2026 05:00 a.m.;24,20;0,00;0,00;1.001,44
2026-06-05 16:12:30;05/06/2026 09:00 a.m.;28,19;0,20;0,88;1.002,95
2026-06-05 16:12:30;05/06/2026 08:00 a.m.;26,16;0,00;0,64;1.002,96
2026-06-05 18:13:10;05/06/2026 12:00 p.m.;32,23;0,00;1,07;1.001,51
2026-06-05 18:13:10;05/06/2026 11:00 a.m.;30,90;0,00;0,97;1.002,26
2026-06-05 18:13:10;05/06/2026 10:00 a.m.;29,75;0,00;0,98;1.002,64
2026-06-05 20:15:03;05/06/2026 02:00 p.m.;32,49;0,00;1,10;999,70
2026-06-05 20:15:03;05/06/2026 01:00 p.m.;33,15;0,00;1,07;1.000,53
2026-06-05 21:47:57;05/06/2026 03:00 p.m.;25,66;36,20;0,19;1.001,37
2026-06-05 22:51:34;05/06/2026 04:00 p.m.;23,74;15,40;0,01;1.001,53
2026-06-05 23:58:42;05/06/2026 05:00 p.m.;23,96;4,00;0,01;1.001,52
2026-06-06 04:14:14;05/06/2026 10:00 p.m.;24,29;0,00;0,00;1.003,37
2026-06-06 04:14:14;05/06/2026 09:00 p.m.;24,55;0,00;0,00;1.002,47
2026-06-06 04:14:14;05/06/2026 08:00 p.m.;24,55;0,40;0,00;1.002,45
2026-06-06 04:14:14;05/06/2026 07:00 p.m.;24,51;1,60;0,00;1.002,44
2026-06-06 04:14:14;05/06/2026 06:00 p.m.;24,22;4,60;0,01;1.002,11
2026-06-06 07:25:53;06/06/2026 01:00 a.m.;24,29;0,00;0,00;1.002,01
2026-06-06 07:25:53;06/06/2026 12:00 a.m.;24,38;0,00;0,00;1.003,03
2026-06-06 07:25:53;05/06/2026 11:00 p.m.;24,34;0,00;0,00;1.003,40
2026-06-06 09:33:45;06/06/2026 03:00 a.m.;24,16;0,00;0,00;1.000,45
2026-06-06 09:33:45;06/06/2026 02:00 a.m.;24,25;0,00;0,00;1.001,08
2026-06-06 11:07:06;06/06/2026 05:00 a.m.;23,97;0,00;0,00;1.000,66
2026-06-06 11:07:06;06/06/2026 04:00 a.m.;24,11;0,00;0,00;1.000,48
2026-06-06 12:16:16;06/06/2026 06:00 a.m.;23,98;0,00;0,05;1.001,00
2026-06-06 14:12:01;06/06/2026 08:00 a.m.;26,05;0,00;0,42;1.002,10
2026-06-06 14:12:01;06/06/2026 07:00 a.m.;24,64;0,00;0,15;1.001,85
2026-06-06 15:41:27;06/06/2026 09:00 a.m.;27,88;0,00;0,77;1.002,43
2026-06-06 16:48:08;06/06/2026 10:00 a.m.;29,44;0,00;0,79;1.002,41
2026-06-06 17:55:22;06/06/2026 11:00 a.m.;30,71;0,00;1,00;1.001,81
2026-06-06 19:23:46;06/06/2026 01:00 p.m.;31,31;0,00;1,18;1.000,32
2026-06-06 19:23:46;06/06/2026 12:00 p.m.;31,65;0,00;0,99;1.001,00
2026-06-06 20:38:48;06/06/2026 02:00 p.m.;25,34;4,20;0,28;1.000,85
2026-06-06 21:43:58;06/06/2026 03:00 p.m.;24,56;0,60;0,14;1.000,38
2026-06-06 22:46:13;06/06/2026 04:00 p.m.;24,72;0,00;0,06;999,92
2026-06-07 02:00:31;06/06/2026 07:00 p.m.;25,07;0,00;0,00;1.001,33
2026-06-07 02:00:31;06/06/2026 06:00 p.m.;24,86;0,00;0,03;1.000,53
2026-06-07 02:00:31;06/06/2026 05:00 p.m.;24,79;0,00;0,06;1.000,17
2026-06-07 06:39:59;07/06/2026 12:00 a.m.;24,16;0,00;0,00;1.000,94
2026-06-07 06:39:59;06/06/2026 11:00 p.m.;24,21;0,00;0,00;1.001,54
2026-06-07 06:39:59;06/06/2026 10:00 p.m.;24,38;0,20;0,00;1.001,79
2026-06-07 06:39:59;06/06/2026 09:00 p.m.;24,57;0,60;0,00;1.002,13
2026-06-07 06:39:59;06/06/2026 08:00 p.m.;24,82;0,60;0,00;1.001,80
2026-06-07 09:50:23;07/06/2026 03:00 a.m.;24,33;0,00;0,00;999,47
2026-06-07 09:50:23;07/06/2026 02:00 a.m.;24,30;0,00;0,00;999,80
2026-06-07 09:50:23;07/06/2026 01:00 a.m.;24,20;0,20;0,00;1.000,48
2026-06-07 11:30:32;07/06/2026 05:00 a.m.;24,42;0,00;0,00;999,52
2026-06-07 11:30:32;07/06/2026 04:00 a.m.;24,35;0,00;0,00;999,24
2026-06-07 13:07:57;07/06/2026 07:00 a.m.;24,89;0,00;0,15;1.000,43
2026-06-07 13:07:57;07/06/2026 06:00 a.m.;24,38;0,00;0,04;999,91
