fecha;temp;lluvia;radmax;presmb
10/10/2026 08:00 p.m.;23,19;3,40;0,00;1.003,73
10/10/2026 07:00 p.m.;23,53;37,40;0,00;1.003,47
10/10/2026 06:00 p.m.;24,04;32,00;0,01;1.002,06
10/10/2026 05:00 p.m.;26,33;4,80;0,46;999,90
10/10/2026 04:00 p.m.;30,37;0,00;0,62;998,47
10/10/2026 03:00 p.m.;31,00;0,00;0,77;998,28
10/10/2026 02:00 p.m.;31,20;0,00;1,15;998,97
10/10/2026 01:00 p.m.;32,85;0,00;1,30;999,84
10/10/2026 12:00 p.m.;32,72;0,00;1,37;1.000,99
10/10/2026 11:00 a.m.;32,62;0,00;1,18;1.001,98
10/10/2026 10:00 a.m.;31,70;0,00;0,92;1.002,44
10/10/2026 09:00 a.m.;29,57;0,00;0,78;1.002,30
10/10/2026 08:00 a.m.;27,69;0,00;0,53;1.001,72
10/10/2026 07:00 a.m.;24,97;0,00;0,31;1.001,20
10/10/2026 06:00 a.m.;23,63;0,00;0,06;1.000,51
10/10/2026 05:00 a.m.;24,19;0,00;0,00;999,69
10/10/2026 04:00 a.m.;24,85;0,00;0,00;999,26
10/10/2026 03:00 a.m.;24,56;0,00;0,00;999,40
10/10/2026 02:00 a.m.;24,87;0,00;0,00;999,80
10/10/2026 01:00 a.m.;25,01;0,00;0,00;1.000,17
10/10/2026 12:00 a.m.;25,28;0,00;0,00;1.000,68
09/10/2026 11:00 p.m.;25,95;0,00;0,00;1.001,24
09/10/2026 10:00 p.m.;26,22;0,00;0,00;1.001,49
09/10/2026 09:00 p.m.;26,56;0,00;0,00;1.001,48
09/10/2026 08:00 p.m.;27,19;0,00;0,00;1.000,77
